,Player,Name,Nation,Pos,Squad,season
0,Ignazio Abate\Ignazio-Abate,ABATE,it ITA,DF,Milan,2017-2018
1,Francesco Acerbi\Francesco-Acerbi,ACERBI,it ITA,DF,Sassuolo,2017-2018
2,Afriyie Acquah\Afriyie-Acquah,ACQUAH,gh GHA,MF,Torino,2017-2018
3,Claud Adjapong\Claud-Adjapong,ADJAPONG,it ITA,DFMF,Sassuolo,2017-2018
4,Arlind Ajeti\Arlind-Ajeti,AJETI,al ALB,DFMF,Crotone,2017-2018
5,Raúl Albiol\Raul-Albiol,ALBIOL,es ESP,DF,Napoli,2017-2018
6,Allan\Allan,ALLAN,br BRA,MF,Napoli,2017-2018
7,Marco Andreolli\Marco-Andreolli,ANDREOLLI,it ITA,DF,Cagliari,2017-2018
8,Cristian Ansaldi\Cristian-Ansaldi,ANSALDI,ar ARG,DFMF,Torino,2017-2018
9,Mirco Antenucci\Mirco-Antenucci,ANTENUCCI,it ITA,FW,SPAL,2017-2018
10,Kwadwo Asamoah\Kwadwo-Asamoah,ASAMOAH,gh GHA,DF,Juventus,2017-2018
11,Davide Astori\Davide-Astori,ASTORI,it ITA,DF,Fiorentina,2017-2018
12,Milan Badelj\Milan-Badelj,BADELJ,hr CRO,MF,Fiorentina,2017-2018
13,Andrija Balić\Andrija-Balic,BALIC,hr CRO,MF,Udinese,2017-2018
14,Mattia Bani\Mattia-Bani,BANI,it ITA,DF,Chievo,2017-2018
15,Antonín Barák\Antonin-Barak,BARAK,cz CZE,MF,Udinese,2017-2018
16,Andrea Barberis\Andrea-Barberis,BARBERIS,it ITA,MF,Crotone,2017-2018
17,Nicolò Barella\Nicolo-Barella,BARELLA,it ITA,MF,Cagliari,2017-2018
18,Édgar Barreto\Edgar-Barreto,BARRETO,py PAR,MF,Sampdoria,2017-2018
19,Andrea Barzagli\Andrea-Barzagli,BARZAGLI,it ITA,DF,Juventus,2017-2018
20,Daniele Baselli\Daniele-Baselli,BASELLI,it ITA,MF,Torino,2017-2018
21,Samuel Bastien\Samuel-Bastien,BASTIEN,be BEL,MFFW,Chievo,2017-2018
22,Bastos\Bastos,BASTOS,ao ANG,DF,Lazio,2017-2018
23,Valon Behrami\Valon-Behrami,BEHRAMI,ch SUI,MF,Udinese,2017-2018
24,Andrea Belotti\Andrea-Belotti,BELOTTI,it ITA,FW,Torino,2017-2018
25,Marco Benassi\Marco-Benassi,BENASSI,it ITA,MFFW,Fiorentina,2017-2018
26,Medhi Benatia\Medhi-Benatia,BENATIA,ma MAR,DF,Juventus,2017-2018
27,Domenico Berardi\Domenico-Berardi,BERARDI,it ITA,FW,Sassuolo,2017-2018
28,Álex Berenguer\Alex-Berenguer,BERENGUER,es ESP,FW,Torino,2017-2018
29,Bartosz Bereszyński\Bartosz-Bereszynski,BERESZYNSKI,pl POL,DF,Sampdoria,2017-2018
30,Andrea Bertolacci\Andrea-Bertolacci,BERTOLACCI,it ITA,MF,Genoa,2017-2018
31,Lucas Biglia\Lucas-Biglia,BIGLIA,ar ARG,MF,Milan,2017-2018
32,Cristiano Biraghi\Cristiano-Biraghi,BIRAGHI,it ITA,DF,Fiorentina,2017-2018
33,Davide Biraschi\Davide-Biraschi,BIRASCHI,it ITA,DF,Genoa,2017-2018
34,Valter Birsa\Valter-Birsa,BIRSA,si SVN,MFFW,Chievo,2017-2018
35,Giacomo Bonaventura\Giacomo-Bonaventura,BONAVENTURA,it ITA,MF,Milan,2017-2018
36,Leonardo Bonucci\Leonardo-Bonucci,BONUCCI,it ITA,DF,Milan,2017-2018
37,Fabio Borini\Fabio-Borini,BORINI,it ITA,FWDF,Milan,2017-2018
38,Enrico Brignola\Enrico-Brignola,BRIGNOLA,it ITA,FWMF,Benevento,2017-2018
39,Marcelo Brozović\Marcelo-Brozovic,BROZOVIC,hr CRO,MF,Inter,2017-2018
40,Marcel Büchel\Marcel-Buchel,BUCHEL,li LIE,MF,Verona,2017-2018
41,Ante Budimir\Ante-Budimir,BUDIMIR,hr CRO,FW,Crotone,2017-2018
42,Nicolás Burdisso\Nicolas-Burdisso,BURDISSO,ar ARG,DF,Torino,2017-2018
43,Fabrizio Cacciatore\Fabrizio-Cacciatore,CACCIATORE,it ITA,DF,Chievo,2017-2018
44,Davide Calabria\Davide-Calabria,CALABRIA,it ITA,DF,Milan,2017-2018
45,Mattia Caldara\Mattia-Caldara,CALDARA,it ITA,DF,Atalanta,2017-2018
46,Hakan Çalhanoğlu\Hakan-Calhanoglu,CALHANOGLU,tr TUR,FWMF,Milan,2017-2018
47,José Callejón\Jose-Callejon,CALLEJON,es ESP,FW,Napoli,2017-2018
48,João Cancelo\Joao-Cancelo,CANCELO,pt POR,DF,Inter,2017-2018
49,Antonio Candreva\Antonio-Candreva,CANDREVA,it ITA,FW,Inter,2017-2018
50,Paolo Cannavaro\Paolo-Cannavaro,CANNAVARO,it ITA,DF,Sassuolo,2017-2018
51,Gianluca Caprari\Gianluca-Caprari,CAPRARI,it ITA,FWMF,Sampdoria,2017-2018
52,Marco Capuano\Marco-Capuano,CAPUANO,it ITA,DF,Crotone,2017-2018
53,Timothy Castagne\Timothy-Castagne,CASTAGNE,be BEL,DFMF,Atalanta,2017-2018
54,Leandro Castán\Leandro-Castan,CASTAN,br BRA,DF,Cagliari,2017-2018
55,Lucas Castro\Lucas-Castro,CASTRO,ar ARG,MF,Chievo,2017-2018
56,Danilo Cataldi\Danilo-Cataldi,CATALDI,it ITA,MF,Benevento,2017-2018
57,Federico Ceccherini\Federico-Ceccherini,CECCHERINI,it ITA,DF,Crotone,2017-2018
58,Luca Ceppitelli\Luca-Ceppitelli,CEPPITELLI,it ITA,DF,Cagliari,2017-2018
59,Alessio Cerci\Alessio-Cerci,CERCI,it ITA,FWMF,Verona,2017-2018
60,Raman Chibsah\Raman-Chibsah,CHIBSAH,gh GHA,MF,Benevento,2017-2018
61,Giorgio Chiellini\Giorgio-Chiellini,CHIELLINI,it ITA,DF,Juventus,2017-2018
62,Federico Chiesa\Federico-Chiesa,CHIESA,it ITA,FWMF,Fiorentina,2017-2018
63,Luca Cigarini\Luca-Cigarini,CIGARINI,it ITA,MF,Cagliari,2017-2018
64,Thiago Cionek\Thiago-Cionek,CIONEK,pl POL,DF,SPAL,2017-2018
65,Andreas Cornelius\Andreas-Cornelius,CORNELIUS,dk DEN,FW,Atalanta,2017-2018
66,Andrea Costa\Andrea-Costa,COSTA,it ITA,DF,Benevento,2017-2018
67,Bryan Cristante\Bryan-Cristante,CRISTANTE,it ITA,MFFW,Atalanta,2017-2018
68,Juan Cuadrado\Juan-Cuadrado,CUADRADO,co COL,FWMF,Juventus,2017-2018
69,Patrick Cutrone\Patrick-Cutrone,CUTRONE,it ITA,FW,Milan,2017-2018
70,Dario Dainelli\Dario-Dainelli,DAINELLI,it ITA,DF,Chievo,2017-2018
71,Fabio Depaoli\Fabio-Depaoli,DEPAOLI,it ITA,MFDF,Chievo,2017-2018
72,Mattia Destro\Mattia-Destro,DESTRO,it ITA,FW,Bologna,2017-2018
73,Berat Djimsiti\Berat-Djimsiti,DJIMSITI,al ALB,DF,Benevento,2017-2018
74,Godfred Donsah\Godfred-Donsah,DONSAH,gh GHA,MF,Bologna,2017-2018
75,Alfred Duncan\Alfred-Duncan,DUNCAN,gh GHA,MF,Sassuolo,2017-2018
76,Paulo Dybala\Paulo-Dybala,DYBALA,ar ARG,MFFW,Juventus,2017-2018
77,Edin Džeko\Edin-Dzeko,DZEKO,ba BIH,FW,Roma,2017-2018
78,Blerim Džemaili\Blerim-Dzemaili,DZEMAILI,ch SUI,MF,Bologna,2017-2018
79,Paolo Faragò\Paolo-Farago,FARAGO,it ITA,DFMF,Cagliari,2017-2018
80,Davide Faraoni\Davide-Faraoni,FARAONI,it ITA,DF,Crotone,2017-2018
81,Mohamed Fares\Mohamed-Fares,FARES,dz ALG,DFMF,Verona,2017-2018
82,Diego Farias\Diego-Farias,FARIAS,br BRA,FWMF,Cagliari,2017-2018
83,Federico Fazio\Federico-Fazio,FAZIO,ar ARG,DF,Roma,2017-2018
84,Alessandro Florenzi\Alessandro-Florenzi,FLORENZI,it ITA,DF,Roma,2017-2018
85,Seko Fofana\Seko-Fofana,FOFANA,ci CIV,MF,Udinese,2017-2018
86,Marco Fossati\Marco-Fossati,FOSSATI,it ITA,MF,Verona,2017-2018
87,Remo Freuler\Remo-Freuler,FREULER,ch SUI,MF,Atalanta,2017-2018
88,Roberto Gagliardini\Roberto-Gagliardini,GAGLIARDINI,it ITA,MF,Inter,2017-2018
89,Andrey Galabinov\Andrey-Galabinov,GALABINOV,bg BUL,FW,Genoa,2017-2018
90,Alessandro Gamberini\Alessandro-Gamberini,GAMBERINI,it ITA,DF,Chievo,2017-2018
91,Gerson\Gerson,GERSON,br BRA,MFFW,Roma,2017-2018
92,Faouzi Ghoulam\Faouzi-Ghoulam,GHOULAM,dz ALG,DF,Napoli,2017-2018
93,Massimo Gobbi\Massimo-Gobbi,GOBBI,it ITA,DF,Chievo,2017-2018
94,Edoardo Goldaniga\Edoardo-Goldaniga,GOLDANIGA,it ITA,DF,Sassuolo,2017-2018
95,Papu Gómez\Papu-Gomez,GOMEZ,ar ARG,FWMF,Atalanta,2017-2018
96,Maxime Gonalons\Maxime-Gonalons,GONALONS,fr FRA,MF,Roma,2017-2018
97,Robin Gosens\Robin-Gosens,GOSENS,de GER,DFMF,Atalanta,2017-2018
98,Alberto Grassi\Alberto-Grassi,GRASSI,it ITA,MF,SPAL,2017-2018
99,Guilherme\Guilherme,GUILHERME,br BRA,MFFW,Benevento,2017-2018
100,Marek Hamšík\Marek-Hamsik,HAMSIK,sk SVK,MF,Napoli,2017-2018
101,Hans Hateboer\Hans-Hateboer,HATEBOER,nl NED,DFMF,Atalanta,2017-2018
102,Filip Helander\Filip-Helander,HELANDER,se SWE,DF,Bologna,2017-2018
103,Përparim Hetemaj\Perparim-Hetemaj,HETEMAJ,fi FIN,MF,Chievo,2017-2018
104,Thomas Heurtaux\Thomas-Heurtaux,HEURTAUX,fr FRA,DF,Verona,2017-2018
105,Gonzalo Higuaín\Gonzalo-Higuain,HIGUAIN,ar ARG,FW,Juventus,2017-2018
106,Oscar Hiljemark\Oscar-Hiljemark,HILJEMARK,se SWE,MF,Genoa,2017-2018
107,Elseid Hysaj\Elseid-Hysaj,HYSAJ,al ALB,DF,Napoli,2017-2018
108,Mauro Icardi\Mauro-Icardi,ICARDI,ar ARG,FW,Inter,2017-2018
109,Josip Iličić\Josip-Ilicic,ILICIC,si SVN,FWMF,Atalanta,2017-2018
110,Ciro Immobile\Ciro-Immobile,IMMOBILE,it ITA,FW,Lazio,2017-2018
111,Roberto Inglese\Roberto-Inglese,INGLESE,it ITA,FW,Chievo,2017-2018
112,Lorenzo Insigne\Lorenzo-Insigne,INSIGNE,it ITA,FW,Napoli,2017-2018
113,Artur Ioniță\Artur-Ionita,IONITA,md MDA,MF,Cagliari,2017-2018
114,Armando Izzo\Armando-Izzo,IZZO,it ITA,DF,Genoa,2017-2018
115,Jakub Jankto\Jakub-Jankto,JANKTO,cz CZE,MFFW,Udinese,2017-2018
116,Jorginho\Jorginho,JORGINHO,it ITA,MF,Napoli,2017-2018
117,Nikola Kalinić\Nikola-Kalinic,KALINIC,hr CRO,FW,Milan,2017-2018
118,Moise Kean\Moise-Kean,KEAN,it ITA,FW,Verona,2017-2018
119,Franck Kessié\Franck-Kessie,KESSIE,ci CIV,MF,Milan,2017-2018
120,Sami Khedira\Sami-Khedira,KHEDIRA,de GER,MF,Juventus,2017-2018
121,Aleksandar Kolarov\Aleksandar-Kolarov,KOLAROV,rs SRB,DF,Roma,2017-2018
122,Kalidou Koulibaly\Kalidou-Koulibaly,KOULIBALY,sn SEN,DF,Napoli,2017-2018
123,Emil Krafth\Emil-Krafth,KRAFTH,se SWE,DF,Bologna,2017-2018
124,Jasmin Kurtić\Jasmin-Kurtic,KURTIC,si SVN,MF,SPAL,2017-2018
125,Gianluca Lapadula\Gianluca-Lapadula,LAPADULA,pe PER,FW,Genoa,2017-2018
126,Kevin Lasagna\Kevin-Lasagna,LASAGNA,it ITA,FWMF,Udinese,2017-2018
127,Vincent Laurini\Vincent-Laurini,LAURINI,fr FRA,DF,Fiorentina,2017-2018
128,Diego Laxalt\Diego-Laxalt,LAXALT,uy URU,DFMF,Genoa,2017-2018
129,Darko Lazović\Darko-Lazovic,LAZOVIC,rs SRB,MFDF,Genoa,2017-2018
130,Manuel Lazzari\Manuel-Lazzari,LAZZARI,it ITA,DFMF,SPAL,2017-2018
131,Gaetano Letizia\Gaetano-Letizia,LETIZIA,it ITA,DF,Benevento,2017-2018
132,Stephan Lichtsteiner\Stephan-Lichtsteiner,LICHTSTEINER,ch SUI,DF,Juventus,2017-2018
133,Karol Linetty\Karol-Linetty,LINETTY,pl POL,MF,Sampdoria,2017-2018
134,Pol Lirola\Pol-Lirola,LIROLA,es ESP,DFMF,Sassuolo,2017-2018
135,Adem Ljajić\Adem-Ljajic,LJAJIC,rs SRB,MFFW,Torino,2017-2018
136,Cristiano Lombardi\Cristiano-Lombardi,LOMBARDI,it ITA,DFMF,Benevento,2017-2018
137,José Luis Palomino\Jose-Luis-Palomino,PALOMINO,ar ARG,DF,Atalanta,2017-2018
138,Senad Lulić\Senad-Lulic,LULIC,ba BIH,DFMF,Lazio,2017-2018
139,Francesco Magnanelli\Francesco-Magnanelli,MAGNANELLI,it ITA,MF,Sassuolo,2017-2018
140,Rolando Mandragora\Rolando-Mandragora,MANDRAGORA,it ITA,MF,Crotone,2017-2018
141,Mario Mandžukić\Mario-Mandzukic,MANDZUKIC,hr CRO,FW,Juventus,2017-2018
142,Kostas Manolas\Kostas-Manolas,MANOLAS,gr GRE,DF,Roma,2017-2018
143,Bruno Martella\Bruno-Martella,MARTELLA,it ITA,DF,Crotone,2017-2018
144,Adam Marušić\Adam-Marusic,MARUSIC,me MNE,DFMF,Lazio,2017-2018
145,Andrea Masiello\Andrea-Masiello,MASIELLO,it ITA,DF,Atalanta,2017-2018
146,Adam Masina\Adam-Masina,MASINA,ma MAR,DF,Bologna,2017-2018
147,Ryder Matos\Ryder-Matos,MATOS,br BRA,FWMF,Verona,2017-2018
148,Alessandro Matri\Alessandro-Matri,MATRI,it ITA,FW,Sassuolo,2017-2018
149,Federico Mattiello\Federico-Mattiello,MATTIELLO,it ITA,DF,SPAL,2017-2018
150,Blaise Matuidi\Blaise-Matuidi,MATUIDI,fr FRA,MF,Juventus,2017-2018
151,Luca Mazzitelli\Luca-Mazzitelli,MAZZITELLI,it ITA,MF,Sassuolo,2017-2018
152,Ibrahima Mbaye\Ibrahima-Mbaye,MBAYE,sn SEN,DF,Bologna,2017-2018
153,Ledian Memushaj\Ledian-Memushaj,MEMUSHAJ,al ALB,MF,Benevento,2017-2018
154,Dries Mertens\Dries-Mertens,MERTENS,be BEL,FW,Napoli,2017-2018
155,Nikola Milenković\Nikola-Milenkovic,MILENKOVIC,rs SRB,DF,Fiorentina,2017-2018
156,Sergej Milinković-Savić\Sergej-Milinkovic-Savic,MILINKOVIC-SAVIC,rs SRB,MF,Lazio,2017-2018
157,Miranda\Miranda,MIRANDA,br BRA,DF,Inter,2017-2018
158,Simone Missiroli\Simone-Missiroli,MISSIROLI,it ITA,MF,Sassuolo,2017-2018
159,Cristian Molinaro\Cristian-Molinaro,MOLINARO,it ITA,DF,Torino,2017-2018
160,Riccardo Montolivo\Riccardo-Montolivo,MONTOLIVO,it ITA,MF,Milan,2017-2018
161,Luca Mora\Luca-Mora,MORA,it ITA,MF,SPAL,2017-2018
162,Emiliano Moretti\Emiliano-Moretti,MORETTI,it ITA,DF,Torino,2017-2018
163,Nicola Murru\Nicola-Murru,MURRU,it ITA,DF,Sampdoria,2017-2018
164,Mateo Musacchio\Mateo-Musacchio,MUSACCHIO,ar ARG,DF,Milan,2017-2018
165,Radja Nainggolan\Radja-Nainggolan,NAINGGOLAN,be BEL,MF,Roma,2017-2018
166,Andrea Nalini\Andrea-Nalini,NALINI,it ITA,FWMF,Crotone,2017-2018
167,M'Baye Niang\MBaye-Niang,NIANG,sn SEN,FW,Torino,2017-2018
168,Nicolas Nkoulou\Nicolas-Nkoulou,NKOULOU,cm CMR,DF,Torino,2017-2018
169,Bram Nuytinck\Bram-Nuytinck,NUYTINCK,nl NED,DF,Udinese,2017-2018
170,Joel Obi\Joel-Obi,OBI,ng NGA,MF,Torino,2017-2018
171,Simone Padoin\Simone-Padoin,PADOIN,it ITA,DFMF,Cagliari,2017-2018
172,Rodrigo Palacio\Rodrigo-Palacio,PALACIO,ar ARG,FWMF,Bologna,2017-2018
173,Alberto Paloschi\Alberto-Paloschi,PALOSCHI,it ITA,FW,SPAL,2017-2018
174,Goran Pandev\Goran-Pandev,PANDEV,mk MKD,FWMF,Genoa,2017-2018
175,Marco Parolo\Marco-Parolo,PAROLO,it ITA,MF,Lazio,2017-2018
176,Leonardo Pavoletti\Leonardo-Pavoletti,PAVOLETTI,it ITA,FW,Cagliari,2017-2018
177,Giampaolo Pazzini\Giampaolo-Pazzini,PAZZINI,it ITA,FW,Verona,2017-2018
178,Federico Peluso\Federico-Peluso,PELUSO,it ITA,DF,Sassuolo,2017-2018
179,Stipe Perica\Stipe-Perica,PERICA,hr CRO,FWMF,Udinese,2017-2018
180,Ivan Perišić\Ivan-Perisic,PERISIC,hr CRO,FW,Inter,2017-2018
181,Diego Perotti\Diego-Perotti,PEROTTI,ar ARG,FWMF,Roma,2017-2018
182,Andrea Petagna\Andrea-Petagna,PETAGNA,it ITA,FW,Atalanta,2017-2018
183,Bruno Petković\Bruno-Petkovic,PETKOVIC,hr CRO,FWMF,Verona,2017-2018
184,Fabio Pisacane\Fabio-Pisacane,PISACANE,it ITA,DF,Cagliari,2017-2018
185,Miralem Pjanić\Miralem-Pjanic,PJANIC,ba BIH,MF,Juventus,2017-2018
186,Andrea Poli\Andrea-Poli,POLI,it ITA,MF,Bologna,2017-2018
187,Matteo Politano\Matteo-Politano,POLITANO,it ITA,FW,Sassuolo,2017-2018
188,Dennis Praet\Dennis-Praet,PRAET,be BEL,MF,Sampdoria,2017-2018
189,Manuel Pucciarelli\Manuel-Pucciarelli,PUCCIARELLI,it ITA,FW,Chievo,2017-2018
190,Erick Pulgar\Erick-Pulgar,PULGAR,cl CHI,MF,Bologna,2017-2018
191,Fabio Quagliarella\Fabio-Quagliarella,QUAGLIARELLA,it ITA,FW,Sampdoria,2017-2018
192,Ivan Radovanović\Ivan-Radovanovic,RADOVANOVIC,rs SRB,MF,Chievo,2017-2018
193,Ștefan Radu\Stefan-Radu,RADU,ro ROU,DF,Lazio,2017-2018
194,Rafinha\Rafinha,RAFINHA,br BRA,MFFW,Inter,2017-2018
195,Gastón Ramírez\Gaston-Ramirez,RAMIREZ,uy URU,MFFW,Sampdoria,2017-2018
196,Vasco Regini\Vasco-Regini,REGINI,it ITA,DF,Sampdoria,2017-2018
197,Tomás Rincón\Tomas-Rincon,RINCON,ve VEN,MF,Torino,2017-2018
198,Rogério\Rogerio,ROGERIO,br BRA,DFMF,Sassuolo,2017-2018
199,Marcus Rohdén\Marcus-Rohden,ROHDEN,se SWE,MF,Crotone,2017-2018
200,Filippo Romagna\Filippo-Romagna,ROMAGNA,it ITA,DF,Cagliari,2017-2018
201,Alessio Romagnoli\Alessio-Romagnoli,ROMAGNOLI,it ITA,DF,Milan,2017-2018
202,Rômulo\Romulo,ROMULO,it ITA,MFDF,Verona,2017-2018
203,Aleandro Rosi\Aleandro-Rosi,ROSI,it ITA,DFMF,Genoa,2017-2018
204,Luca Rossettini\Luca-Rossettini,ROSSETTINI,it ITA,DF,Genoa,2017-2018
205,Daniele Rugani\Daniele-Rugani,RUGANI,it ITA,DF,Juventus,2017-2018
206,Bacary Sagna\Bacary-Sagna,SAGNA,fr FRA,DF,Benevento,2017-2018
207,Jacopo Sala\Jacopo-Sala,SALA,it ITA,DF,Sampdoria,2017-2018
208,Bartosz Salamon\Bartosz-Salamon,SALAMON,pl POL,DF,SPAL,2017-2018
209,Mario Sampirisi\Mario-Sampirisi,SAMPIRISI,it ITA,DF,Crotone,2017-2018
210,Sandro\Sandro,SANDRO,br BRA,MF,Benevento,2017-2018
211,Marco Sau\Marco-Sau,SAU,it ITA,FWMF,Cagliari,2017-2018
212,Pasquale Schiattarella\Pasquale-Schiattarella,SCHIATTARELLA,it ITA,MF,SPAL,2017-2018
213,Patrik Schick\Patrik-Schick,SCHICK,cz CZE,FW,Roma,2017-2018
214,Stefano Sensi\Stefano-Sensi,SENSI,it ITA,MF,Sassuolo,2017-2018
215,Matías Silvestre\Matias-Silvestre,SILVESTRE,ar ARG,DF,Sampdoria,2017-2018
216,Giovanni Simeone\Giovanni-Simeone,SIMEONE,ar ARG,FW,Fiorentina,2017-2018
217,Milan Škriniar\Milan-Skriniar,SKRINIAR,sk SVK,DF,Inter,2017-2018
218,Samuel Souprayen\Samuel-Souprayen,SOUPRAYEN,fr FRA,DF,Verona,2017-2018
219,Leonardo Spinazzola\Leonardo-Spinazzola,SPINAZZOLA,it ITA,DF,Atalanta,2017-2018
220,Nicolás Spolli\Nicolas-Spolli,SPOLLI,ar ARG,DF,Genoa,2017-2018
221,Adrian Stoian\Adrian-Stoian,STOIAN,ro ROU,MFFW,Crotone,2017-2018
222,Ivan Strinić\Ivan-Strinic,STRINIC,hr CRO,DF,Sampdoria,2017-2018
223,Kevin Strootman\Kevin-Strootman,STROOTMAN,nl NED,MF,Roma,2017-2018
224,Suso\Suso,SUSO,es ESP,FW,Milan,2017-2018
225,Adel Taarabt\Adel-Taarabt,TAARABT,ma MAR,FWMF,Genoa,2017-2018
226,Cyril Théréau\Cyril-Thereau,THEREAU,fr FRA,FWMF,Fiorentina,2017-2018
227,Rafael Tolói\Rafael-Toloi,TOLOI,it ITA,DF,Atalanta,2017-2018
228,Nenad Tomović\Nenad-Tomovic,TOMOVIC,rs SRB,DF,Chievo,2017-2018
229,Lucas Torreira\Lucas-Torreira,TORREIRA,uy URU,MF,Sampdoria,2017-2018
230,Alin Toșca\Alin-Tosca,TOSCA,ro ROU,DF,Benevento,2017-2018
231,Marcello Trotta\Marcello-Trotta,TROTTA,it ITA,FW,Crotone,2017-2018
232,Cengiz Ünder\Cengiz-Under,UNDER,tr TUR,FW,Roma,2017-2018
233,Mattia Valoti\Mattia-Valoti,VALOTI,it ITA,MFFW,Verona,2017-2018
234,Matías Vecino\Matias-Vecino,VECINO,uy URU,MF,Inter,2017-2018
235,Lorenzo Venuti\Lorenzo-Venuti,VENUTI,it ITA,DF,Benevento,2017-2018
236,Daniele Verde\Daniele-Verde,VERDE,it ITA,FWMF,Verona,2017-2018
237,Simone Verdi\Simone-Verdi,VERDI,it ITA,FWMF,Bologna,2017-2018
238,Jordan Veretout\Jordan-Veretout,VERETOUT,fr FRA,MF,Fiorentina,2017-2018
239,Francesco Vicari\Francesco-Vicari,VICARI,it ITA,DF,SPAL,2017-2018
240,Nicolas Viola\Nicolas-Viola,VIOLA,it ITA,MF,Benevento,2017-2018
241,Federico Viviani\Federico-Viviani,VIVIANI,it ITA,MF,SPAL,2017-2018
242,Jagoš Vuković\Jagos-Vukovic,VUKOVIC,rs SRB,DF,Verona,2017-2018
243,Wallace\Wallace,WALLACE,br BRA,DF,Lazio,2017-2018
244,Silvan Widmer\Silvan-Widmer,WIDMER,ch SUI,DFMF,Udinese,2017-2018
245,Piotr Zieliński\Piotr-Zielinski,ZIELINSKI,pl POL,MFFW,Napoli,2017-2018
246,Ervin Zukanović\Ervin-Zukanovic,ZUKANOVIC,ba BIH,DF,Genoa,2017-2018
247,Ignazio Abate\Ignazio-Abate,ABATE,it ITA,DF,Milan,2018-2019
248,Francesco Acerbi\Francesco-Acerbi,ACERBI,it ITA,DF,Lazio,2018-2019
249,Afriyie Acquah\Afriyie-Acquah,ACQUAH,gh GHA,MF,Empoli,2018-2019
250,Ola Aina\Ola-Aina,AINA,ng NGA,DFMF,Torino,2018-2019
251,Raúl Albiol\Raul-Albiol,ALBIOL,es ESP,DF,Napoli,2018-2019
252,Allan\Allan,ALLAN,br BRA,MF,Napoli,2018-2019
253,Joachim Andersen\Joachim-Andersen,ANDERSEN,dk DEN,DF,Sampdoria,2018-2019
254,Cristian Ansaldi\Cristian-Ansaldi,ANSALDI,ar ARG,DFMF,Torino,2018-2019
255,Mirco Antenucci\Mirco-Antenucci,ANTENUCCI,it ITA,FW,SPAL,2018-2019
256,Lorenzo Ariaudo\Lorenzo-Ariaudo,ARIAUDO,it ITA,DF,Frosinone,2018-2019
257,Kwadwo Asamoah\Kwadwo-Asamoah,ASAMOAH,gh GHA,DF,Inter,2018-2019
258,Khouma Babacar\Khouma-Babacar,BABACAR,sn SEN,FW,Sassuolo,2018-2019
259,Milan Badelj\Milan-Badelj,BADELJ,hr CRO,MF,Lazio,2018-2019
260,Tiemoué Bakayoko\Tiemoue-Bakayoko,BAKAYOKO,fr FRA,MF,Milan,2018-2019
261,Mattia Bani\Mattia-Bani,BANI,it ITA,DF,Chievo,2018-2019
262,Federico Barba\Federico-Barba,BARBA,it ITA,DF,Chievo,2018-2019
263,Nicolò Barella\Nicolo-Barella,BARELLA,it ITA,MFFW,Cagliari,2018-2019
264,Antonino Barillà\Antonino-Barilla,BARILLA,it ITA,MF,Parma,2018-2019
265,Daniele Baselli\Daniele-Baselli,BASELLI,it ITA,MF,Torino,2018-2019
266,Alessandro Bastoni\Alessandro-Bastoni,BASTONI,it ITA,DF,Parma,2018-2019
267,Bastos\Bastos,BASTOS,ao ANG,DF,Lazio,2018-2019
268,Andrea Beghetto\Andrea-Beghetto,BEGHETTO,it ITA,DFMF,Frosinone,2018-2019
269,Valon Behrami\Valon-Behrami,BEHRAMI,ch SUI,MF,Udinese,2018-2019
270,Andrea Belotti\Andrea-Belotti,BELOTTI,it ITA,FW,Torino,2018-2019
271,Marco Benassi\Marco-Benassi,BENASSI,it ITA,MF,Fiorentina,2018-2019
272,Ismaël Bennacer\Ismael-Bennacer,BENNACER,dz ALG,MF,Empoli,2018-2019
273,Rodrigo Bentancur\Rodrigo-Bentancur,BENTANCUR,uy URU,MF,Juventus,2018-2019
274,Domenico Berardi\Domenico-Berardi,BERARDI,it ITA,FWMF,Sassuolo,2018-2019
275,Álex Berenguer\Alex-Berenguer,BERENGUER,es ESP,MFFW,Torino,2018-2019
276,Bartosz Bereszyński\Bartosz-Bereszynski,BERESZYNSKI,pl POL,DF,Sampdoria,2018-2019
277,Federico Bernardeschi\Federico-Bernardeschi,BERNARDESCHI,it ITA,FWMF,Juventus,2018-2019
278,Daniel Bessa\Daniel-Bessa,BESSA,it ITA,MF,Genoa,2018-2019
279,Jonathan Biabiany\Jonathan-Biabiany,BIABIANY,fr FRA,FWMF,Parma,2018-2019
280,Lucas Biglia\Lucas-Biglia,BIGLIA,ar ARG,MF,Milan,2018-2019
281,Cristiano Biraghi\Cristiano-Biraghi,BIRAGHI,it ITA,DF,Fiorentina,2018-2019
282,Davide Biraschi\Davide-Biraschi,BIRASCHI,it ITA,DF,Genoa,2018-2019
283,Kevin-Prince Boateng\Kevin-Prince-Boateng,BOATENG,gh GHA,FW,Sassuolo,2018-2019
284,Jeremie Boga\Jeremie-Boga,BOGA,ci CIV,FWMF,Sassuolo,2018-2019
285,Kevin Bonifazi\Kevin-Bonifazi,BONIFAZI,it ITA,DF,SPAL,2018-2019
286,Leonardo Bonucci\Leonardo-Bonucci,BONUCCI,it ITA,DF,Juventus,2018-2019
287,Fabio Borini\Fabio-Borini,BORINI,it ITA,FWMF,Milan,2018-2019
288,Mehdi Bourabia\Mehdi-Bourabia,BOURABIA,ma MAR,MF,Sassuolo,2018-2019
289,Filip Bradarić\Filip-Bradaric,BRADARIC,hr CRO,MF,Cagliari,2018-2019
290,Nicolò Brighenti\Nicolo-Brighenti,BRIGHENTI,it ITA,DF,Frosinone,2018-2019
291,Marcelo Brozović\Marcelo-Brozovic,BROZOVIC,hr CRO,MF,Inter,2018-2019
292,Felipe Caicedo\Felipe-Caicedo,CAICEDO,ec ECU,FW,Lazio,2018-2019
293,Arturo Calabresi\Arturo-Calabresi,CALABRESI,it ITA,DF,Bologna,2018-2019
294,Davide Calabria\Davide-Calabria,CALABRIA,it ITA,DF,Milan,2018-2019
295,Hakan Çalhanoğlu\Hakan-Calhanoglu,CALHANOGLU,tr TUR,FWMF,Milan,2018-2019
296,José Callejón\Jose-Callejon,CALLEJON,es ESP,MFFW,Napoli,2018-2019
297,João Cancelo\Joao-Cancelo,CANCELO,pt POR,DF,Juventus,2018-2019
298,Gianluca Caprari\Gianluca-Caprari,CAPRARI,it ITA,FWMF,Sampdoria,2018-2019
299,Marco Capuano\Marco-Capuano,CAPUANO,it ITA,DF,Frosinone,2018-2019
300,Francesco Caputo\Francesco-Caputo,CAPUTO,it ITA,FW,Empoli,2018-2019
301,Francesco Cassata\Francesco-Cassata,CASSATA,it ITA,MFFW,Frosinone,2018-2019
302,Timothy Castagne\Timothy-Castagne,CASTAGNE,be BEL,DFMF,Atalanta,2018-2019
303,Samu Castillejo\Samu-Castillejo,CASTILLEJO,es ESP,FWMF,Milan,2018-2019
304,Federico Ceccherini\Federico-Ceccherini,CECCHERINI,it ITA,DF,Fiorentina,2018-2019
305,Luca Ceppitelli\Luca-Ceppitelli,CEPPITELLI,it ITA,DF,Cagliari,2018-2019
306,Fabio Ceravolo\Fabio-Ceravolo,CERAVOLO,it ITA,FW,Parma,2018-2019
307,Boštjan Cesar\Bostjan-Cesar,CESAR,si SVN,DF,Chievo,2018-2019
308,Raman Chibsah\Raman-Chibsah,CHIBSAH,gh GHA,MF,Frosinone,2018-2019
309,Giorgio Chiellini\Giorgio-Chiellini,CHIELLINI,it ITA,DF,Juventus,2018-2019
310,Federico Chiesa\Federico-Chiesa,CHIESA,it ITA,FWMF,Fiorentina,2018-2019
311,Camillo Ciano\Camillo-Ciano,CIANO,it ITA,FWMF,Frosinone,2018-2019
312,Luca Cigarini\Luca-Cigarini,CIGARINI,it ITA,MF,Cagliari,2018-2019
313,Thiago Cionek\Thiago-Cionek,CIONEK,pl POL,DF,SPAL,2018-2019
314,Omar Colley\Omar-Colley,COLLEY,gm GAM,DF,Sampdoria,2018-2019
315,Joaquín Correa\Joaquin-Correa,CORREA,ar ARG,FWMF,Lazio,2018-2019
316,Domenico Criscito\Domenico-Criscito,CRISCITO,it ITA,DF,Genoa,2018-2019
317,Bryan Cristante\Bryan-Cristante,CRISTANTE,it ITA,MF,Roma,2018-2019
318,Juan Cuadrado\Juan-Cuadrado,CUADRADO,co COL,MFDF,Juventus,2018-2019
319,Patrick Cutrone\Patrick-Cutrone,CUTRONE,it ITA,FW,Milan,2018-2019
320,Grégoire Defrel\Gregoire-Defrel,DEFREL,mq MTQ,FWMF,Sampdoria,2018-2019
321,Merih Demiral\Merih-Demiral,DEMIRAL,tr TUR,DF,Sassuolo,2018-2019
322,Fabio Depaoli\Fabio-Depaoli,DEPAOLI,it ITA,DF,Chievo,2018-2019
323,Mitchell Dijks\Mitchell-Dijks,DIJKS,nl NED,DFMF,Bologna,2018-2019
324,Koffi Djidji\Koffi-Djidji,DJIDJI,ci CIV,DF,Torino,2018-2019
325,Berat Djimsiti\Berat-Djimsiti,DJIMSITI,al ALB,DF,Atalanta,2018-2019
326,Alfred Duncan\Alfred-Duncan,DUNCAN,gh GHA,MF,Sassuolo,2018-2019
327,Paulo Dybala\Paulo-Dybala,DYBALA,ar ARG,FWMF,Juventus,2018-2019
328,Edin Džeko\Edin-Dzeko,DZEKO,ba BIH,FW,Roma,2018-2019
329,Blerim Džemaili\Blerim-Dzemaili,DZEMAILI,ch SUI,MF,Bologna,2018-2019
330,Albin Ekdal\Albin-Ekdal,EKDAL,se SWE,MF,Sampdoria,2018-2019
331,Paolo Faragò\Paolo-Farago,FARAGO,it ITA,MFDF,Cagliari,2018-2019
332,Mohamed Fares\Mohamed-Fares,FARES,dz ALG,DFMF,SPAL,2018-2019
333,Diego Farias\Diego-Farias,FARIAS,br BRA,FW,Empoli,2018-2019
334,Federico Fazio\Federico-Fazio,FAZIO,ar ARG,DF,Roma,2018-2019
335,Edimilson Fernandes\Edimilson-Fernandes,FERNANDES,ch SUI,MF,Fiorentina,2018-2019
336,Sergio Floccari\Sergio-Floccari,FLOCCARI,it ITA,FW,SPAL,2018-2019
337,Alessandro Florenzi\Alessandro-Florenzi,FLORENZI,it ITA,DFFW,Roma,2018-2019
338,Seko Fofana\Seko-Fofana,FOFANA,ci CIV,MF,Udinese,2018-2019
339,Remo Freuler\Remo-Freuler,FREULER,ch SUI,MF,Atalanta,2018-2019
340,Roberto Gagliardini\Roberto-Gagliardini,GAGLIARDINI,it ITA,MF,Inter,2018-2019
341,Riccardo Gagliolo\Riccardo-Gagliolo,GAGLIOLO,se SWE,DF,Parma,2018-2019
342,Marcello Gazzola\Marcello-Gazzola,GAZZOLA,it ITA,DFMF,Parma,2018-2019
343,Gerson\Gerson,GERSON,br BRA,MFFW,Fiorentina,2018-2019
344,Gervinho\Gervinho,GERVINHO,ci CIV,FW,Parma,2018-2019
345,Faouzi Ghoulam\Faouzi-Ghoulam,GHOULAM,dz ALG,DF,Napoli,2018-2019
346,Emanuele Giaccherini\Emanuele-Giaccherini,GIACCHERINI,it ITA,MFFW,Chievo,2018-2019
347,Massimo Gobbi\Massimo-Gobbi,GOBBI,it ITA,DF,Parma,2018-2019
348,Edoardo Goldaniga\Edoardo-Goldaniga,GOLDANIGA,it ITA,DF,Frosinone,2018-2019
349,Papu Gómez\Papu-Gomez,GOMEZ,ar ARG,MFFW,Atalanta,2018-2019
350,Robin Gosens\Robin-Gosens,GOSENS,de GER,DFMF,Atalanta,2018-2019
351,Marek Hamšík\Marek-Hamsik,HAMSIK,sk SVK,MF,Napoli,2018-2019
352,Hans Hateboer\Hans-Hateboer,HATEBOER,nl NED,DFMF,Atalanta,2018-2019
353,Filip Helander\Filip-Helander,HELANDER,se SWE,DF,Bologna,2018-2019
354,Përparim Hetemaj\Perparim-Hetemaj,HETEMAJ,fi FIN,MF,Chievo,2018-2019
355,Gonzalo Higuaín\Gonzalo-Higuain,HIGUAIN,ar ARG,FW,Milan,2018-2019
356,Oscar Hiljemark\Oscar-Hiljemark,HILJEMARK,se SWE,MF,Genoa,2018-2019
357,Elseid Hysaj\Elseid-Hysaj,HYSAJ,al ALB,DF,Napoli,2018-2019
358,Simone Iacoponi\Simone-Iacoponi,IACOPONI,it ITA,DF,Parma,2018-2019
359,Mauro Icardi\Mauro-Icardi,ICARDI,ar ARG,FW,Inter,2018-2019
360,Josip Iličić\Josip-Ilicic,ILICIC,si SVN,FWMF,Atalanta,2018-2019
361,Ciro Immobile\Ciro-Immobile,IMMOBILE,it ITA,FW,Lazio,2018-2019
362,Roberto Inglese\Roberto-Inglese,INGLESE,it ITA,FW,Parma,2018-2019
363,Lorenzo Insigne\Lorenzo-Insigne,INSIGNE,it ITA,FWMF,Napoli,2018-2019
364,Artur Ioniță\Artur-Ionita,IONITA,md MDA,MF,Cagliari,2018-2019
365,Armando Izzo\Armando-Izzo,IZZO,it ITA,DF,Torino,2018-2019
366,Jakub Jankto\Jakub-Jankto,JANKTO,cz CZE,MF,Sampdoria,2018-2019
367,Paweł Jaroszyński\Pawel-Jaroszynski,JAROSZYNSKI,pl POL,DFMF,Chievo,2018-2019
368,Franck Kessié\Franck-Kessie,KESSIE,ci CIV,MF,Milan,2018-2019
369,Ragnar Klavan\Ragnar-Klavan,KLAVAN,ee EST,DF,Cagliari,2018-2019
370,Justin Kluivert\Justin-Kluivert,KLUIVERT,nl NED,FW,Roma,2018-2019
371,Aleksandar Kolarov\Aleksandar-Kolarov,KOLAROV,rs SRB,DF,Roma,2018-2019
372,Christian Kouamé\Christian-Kouame,KOUAME,ci CIV,FWMF,Genoa,2018-2019
373,Kalidou Koulibaly\Kalidou-Koulibaly,KOULIBALY,sn SEN,DF,Napoli,2018-2019
374,Ladislav Krejčí\Ladislav-Krejci,KREJCI,cz CZE,MFDF,Bologna,2018-2019
375,Rade Krunić\Rade-Krunic,KRUNIC,ba BIH,MF,Empoli,2018-2019
376,Juraj Kucka\Juraj-Kucka,KUCKA,sk SVK,MF,Parma,2018-2019
377,Jasmin Kurtić\Jasmin-Kurtic,KURTIC,si SVN,MF,SPAL,2018-2019
378,Kevin Lasagna\Kevin-Lasagna,LASAGNA,it ITA,FW,Udinese,2018-2019
379,Vincent Laurini\Vincent-Laurini,LAURINI,fr FRA,DF,Fiorentina,2018-2019
380,Darko Lazović\Darko-Lazovic,LAZOVIC,rs SRB,MFDF,Genoa,2018-2019
381,Manuel Lazzari\Manuel-Lazzari,LAZZARI,it ITA,MFDF,SPAL,2018-2019
382,Lukas Lerager\Lukas-Lerager,LERAGER,dk DEN,MF,Genoa,2018-2019
383,Mehdi Léris\Mehdi-Leris,LERIS,fr FRA,MFFW,Chievo,2018-2019
384,Karol Linetty\Karol-Linetty,LINETTY,pl POL,MF,Sampdoria,2018-2019
385,Pol Lirola\Pol-Lirola,LIROLA,es ESP,DFMF,Sassuolo,2018-2019
386,Manuel Locatelli\Manuel-Locatelli,LOCATELLI,it ITA,MF,Sassuolo,2018-2019
387,José Luis Palomino\Jose-Luis-Palomino,PALOMINO,ar ARG,DF,Atalanta,2018-2019
388,Saša Lukić\Sasa-Lukic,LUKIC,rs SRB,MF,Torino,2018-2019
389,Senad Lulić\Senad-Lulic,LULIC,ba BIH,DFMF,Lazio,2018-2019
390,Lyanco\Lyanco,LYANCO,br BRA,DF,Bologna,2018-2019
391,Francesco Magnanelli\Francesco-Magnanelli,MAGNANELLI,it ITA,MF,Sassuolo,2018-2019
392,Giangiacomo Magnani\Giangiacomo-Magnani,MAGNANI,it ITA,DF,Sassuolo,2018-2019
393,Raffaele Maiello\Raffaele-Maiello,MAIELLO,it ITA,MF,Frosinone,2018-2019
394,Domenico Maietta\Domenico-Maietta,MAIETTA,it ITA,DF,Empoli,2018-2019
395,Nikola Maksimović\Nikola-Maksimovic,MAKSIMOVIC,rs SRB,DF,Napoli,2018-2019
396,Kévin Malcuit\Kevin-Malcuit,MALCUIT,ma MAR,DF,Napoli,2018-2019
397,Gianluca Mancini\Gianluca-Mancini,MANCINI,it ITA,DF,Atalanta,2018-2019
398,Rolando Mandragora\Rolando-Mandragora,MANDRAGORA,it ITA,MF,Udinese,2018-2019
399,Mario Mandžukić\Mario-Mandzukic,MANDZUKIC,hr CRO,FW,Juventus,2018-2019
400,Kostas Manolas\Kostas-Manolas,MANOLAS,gr GRE,DF,Roma,2018-2019
401,Marlon\Marlon,MARLON,br BRA,DF,Sassuolo,2018-2019
402,Adam Marušić\Adam-Marusic,MARUSIC,me MNE,DFMF,Lazio,2018-2019
403,Andrea Masiello\Andrea-Masiello,MASIELLO,it ITA,DF,Atalanta,2018-2019
404,Federico Mattiello\Federico-Mattiello,MATTIELLO,it ITA,MFDF,Bologna,2018-2019
405,Blaise Matuidi\Blaise-Matuidi,MATUIDI,fr FRA,MF,Juventus,2018-2019
406,Ibrahima Mbaye\Ibrahima-Mbaye,MBAYE,sn SEN,DF,Bologna,2018-2019
407,Riccardo Meggiorini\Riccardo-Meggiorini,MEGGIORINI,it ITA,FW,Chievo,2018-2019
408,Soualiho Meïté\Soualiho-Meite,MEITE,fr FRA,MF,Torino,2018-2019
409,Dries Mertens\Dries-Mertens,MERTENS,be BEL,FW,Napoli,2018-2019
410,Nikola Milenković\Nikola-Milenkovic,MILENKOVIC,rs SRB,DF,Fiorentina,2018-2019
411,Arkadiusz Milik\Arkadiusz-Milik,MILIK,pl POL,FW,Napoli,2018-2019
412,Sergej Milinković-Savić\Sergej-Milinkovic-Savic,MILINKOVIC-SAVIC,rs SRB,MF,Lazio,2018-2019
413,Kevin Mirallas\Kevin-Mirallas,MIRALLAS,be BEL,FWMF,Fiorentina,2018-2019
414,Miranda\Miranda,MIRANDA,br BRA,DF,Inter,2018-2019
415,Simone Missiroli\Simone-Missiroli,MISSIROLI,it ITA,MF,SPAL,2018-2019
416,Cristian Molinaro\Cristian-Molinaro,MOLINARO,it ITA,DFMF,Frosinone,2018-2019
417,Emiliano Moretti\Emiliano-Moretti,MORETTI,it ITA,DF,Torino,2018-2019
418,Alessandro Murgia\Alessandro-Murgia,MURGIA,it ITA,MF,SPAL,2018-2019
419,Luis Muriel\Luis-Muriel,MURIEL,co COL,FW,Fiorentina,2018-2019
420,Nicola Murru\Nicola-Murru,MURRU,it ITA,DF,Sampdoria,2018-2019
421,Mateo Musacchio\Mateo-Musacchio,MUSACCHIO,ar ARG,DF,Milan,2018-2019
422,Ádám Nagy\Adam-Nagy,NAGY,hu HUN,MF,Bologna,2018-2019
423,Radja Nainggolan\Radja-Nainggolan,NAINGGOLAN,be BEL,MF,Inter,2018-2019
424,Nicolas Nkoulou\Nicolas-Nkoulou,NKOULOU,cm CMR,DF,Torino,2018-2019
425,Bram Nuytinck\Bram-Nuytinck,NUYTINCK,nl NED,DF,Udinese,2018-2019
426,Steven Nzonzi\Steven-Nzonzi,NZONZI,fr FRA,MF,Roma,2018-2019
427,Stefano Okaka\Stefano-Okaka,OKAKA,it ITA,FW,Udinese,2018-2019
428,Riccardo Orsolini\Riccardo-Orsolini,ORSOLINI,it ITA,FWMF,Bologna,2018-2019
429,Simone Padoin\Simone-Padoin,PADOIN,it ITA,DFMF,Cagliari,2018-2019
430,Luca Paganini\Luca-Paganini,PAGANINI,it ITA,DFMF,Frosinone,2018-2019
431,Rodrigo Palacio\Rodrigo-Palacio,PALACIO,ar ARG,FW,Bologna,2018-2019
432,Goran Pandev\Goran-Pandev,PANDEV,mk MKD,FWMF,Genoa,2018-2019
433,Marco Parolo\Marco-Parolo,PAROLO,it ITA,MF,Lazio,2018-2019
434,Mario Pašalić\Mario-Pasalic,PASALIC,hr CRO,MFFW,Atalanta,2018-2019
435,Manuel Pasqual\Manuel-Pasqual,PASQUAL,it ITA,DFMF,Empoli,2018-2019
436,Patric\Patric,PATRIC,es ESP,DFMF,Lazio,2018-2019
437,Leonardo Pavoletti\Leonardo-Pavoletti,PAVOLETTI,it ITA,FW,Cagliari,2018-2019
438,Sergio Pellissier\Sergio-Pellissier,PELLISSIER,it ITA,FW,Chievo,2018-2019
439,Federico Peluso\Federico-Peluso,PELUSO,it ITA,DF,Sassuolo,2018-2019
440,Ivan Perišić\Ivan-Perisic,PERISIC,hr CRO,FWMF,Inter,2018-2019
441,Andrea Petagna\Andrea-Petagna,PETAGNA,it ITA,FW,SPAL,2018-2019
442,Krzysztof Piątek\Krzysztof-Piatek,PIATEK,pl POL,FW,Milan,2018-2019
443,Andrea Pinamonti\Andrea-Pinamonti,PINAMONTI,it ITA,FW,Frosinone,2018-2019
444,Fabio Pisacane\Fabio-Pisacane,PISACANE,it ITA,DF,Cagliari,2018-2019
445,Miralem Pjanić\Miralem-Pjanic,PJANIC,ba BIH,MF,Juventus,2018-2019
446,Andrea Poli\Andrea-Poli,POLI,it ITA,MF,Bologna,2018-2019
447,Matteo Politano\Matteo-Politano,POLITANO,it ITA,FWMF,Inter,2018-2019
448,Dennis Praet\Dennis-Praet,PRAET,be BEL,MF,Sampdoria,2018-2019
449,Erick Pulgar\Erick-Pulgar,PULGAR,cl CHI,MF,Bologna,2018-2019
450,Ignacio Pussetto\Ignacio-Pussetto,PUSSETTO,ar ARG,FWMF,Udinese,2018-2019
451,Fabio Quagliarella\Fabio-Quagliarella,QUAGLIARELLA,it ITA,FW,Sampdoria,2018-2019
452,Ivan Radovanović\Ivan-Radovanovic,RADOVANOVIC,rs SRB,MF,Genoa,2018-2019
453,Ștefan Radu\Stefan-Radu,RADU,ro ROU,DF,Lazio,2018-2019
454,Gastón Ramírez\Gaston-Ramirez,RAMIREZ,uy URU,MFFW,Sampdoria,2018-2019
455,Jacob Rasmussen\Jacob-Rasmussen,RASMUSSEN,dk DEN,DFMF,Empoli,2018-2019
456,Tomás Rincón\Tomas-Rincon,RINCON,ve VEN,MF,Torino,2018-2019
457,Rogério\Rogerio,ROGERIO,br BRA,DFMF,Sassuolo,2018-2019
458,Esteban Rolón\Esteban-Rolon,ROLON,ar ARG,MF,Genoa,2018-2019
459,Filippo Romagna\Filippo-Romagna,ROMAGNA,it ITA,DF,Cagliari,2018-2019
460,Alessio Romagnoli\Alessio-Romagnoli,ROMAGNOLI,it ITA,DF,Milan,2018-2019
461,Cristian Romero\Cristian-Romero,ROMERO,ar ARG,DF,Genoa,2018-2019
462,Cristiano Ronaldo\Cristiano-Ronaldo,RONALDO,pt POR,FW,Juventus,2018-2019
463,Luca Rossettini\Luca-Rossettini,ROSSETTINI,it ITA,DF,Chievo,2018-2019
464,Daniele Rugani\Daniele-Rugani,RUGANI,it ITA,DF,Juventus,2018-2019
465,Jacopo Sala\Jacopo-Sala,SALA,it ITA,DF,Sampdoria,2018-2019
466,Bartosz Salamon\Bartosz-Salamon,SALAMON,pl POL,DF,Frosinone,2018-2019
467,Nicola Sansone\Nicola-Sansone,SANSONE,it ITA,FW,Bologna,2018-2019
468,Federico Santander\Federico-Santander,SANTANDER,py PAR,FW,Bologna,2018-2019
469,Davide Santon\Davide-Santon,SANTON,it ITA,DF,Roma,2018-2019
470,Riccardo Saponara\Riccardo-Saponara,SAPONARA,it ITA,MFFW,Sampdoria,2018-2019
471,Pasquale Schiattarella\Pasquale-Schiattarella,SCHIATTARELLA,it ITA,MF,SPAL,2018-2019
472,Patrik Schick\Patrik-Schick,SCHICK,cz CZE,FW,Roma,2018-2019
473,Matteo Scozzarella\Matteo-Scozzarella,SCOZZARELLA,it ITA,MF,Parma,2018-2019
474,Stefano Sensi\Stefano-Sensi,SENSI,it ITA,MF,Sassuolo,2018-2019
475,Luca Siligardi\Luca-Siligardi,SILIGARDI,it ITA,FW,Parma,2018-2019
476,Matías Silvestre\Matias-Silvestre,SILVESTRE,ar ARG,DF,Empoli,2018-2019
477,Giovanni Simeone\Giovanni-Simeone,SIMEONE,ar ARG,FW,Fiorentina,2018-2019
478,Milan Škriniar\Milan-Skriniar,SKRINIAR,sk SVK,DF,Inter,2018-2019
479,Roberto Soriano\Roberto-Soriano,SORIANO,it ITA,MF,Bologna,2018-2019
480,Darijo Srna\Darijo-Srna,SRNA,hr CRO,DF,Cagliari,2018-2019
481,Mariusz Stępiński\Mariusz-Stepinski,STEPINSKI,pl POL,FW,Chievo,2018-2019
482,Leo Štulac\Leo-Stulac,STULAC,si SVN,MF,Parma,2018-2019
483,Suso\Suso,SUSO,es ESP,FWMF,Milan,2018-2019
484,Mattias Svanberg\Mattias-Svanberg,SVANBERG,se SWE,MF,Bologna,2018-2019
485,Rafael Tolói\Rafael-Toloi,TOLOI,it ITA,DF,Atalanta,2018-2019
486,Lorenzo Tonelli\Lorenzo-Tonelli,TONELLI,it ITA,DF,Sampdoria,2018-2019
487,William Troost-Ekong\William-Troost-Ekong,TROOST-EKONG,ng NGA,DF,Udinese,2018-2019
488,Cengiz Ünder\Cengiz-Under,UNDER,tr TUR,FW,Roma,2018-2019
489,Mattia Valoti\Mattia-Valoti,VALOTI,it ITA,MF,SPAL,2018-2019
490,Matías Vecino\Matias-Vecino,VECINO,uy URU,MF,Inter,2018-2019
491,Jordan Veretout\Jordan-Veretout,VERETOUT,fr FRA,MF,Fiorentina,2018-2019
492,Freddie Veseli\Freddie-Veseli,VESELI,al ALB,DF,Empoli,2018-2019
493,Francesco Vicari\Francesco-Vicari,VICARI,it ITA,DF,SPAL,2018-2019
494,Wallace\Wallace,WALLACE,br BRA,DF,Lazio,2018-2019
495,Miha Zajc\Miha-Zajc,ZAJC,si SVN,FWMF,Empoli,2018-2019
496,Francesco Zampano\Francesco-Zampano,ZAMPANO,it ITA,DFMF,Frosinone,2018-2019
497,Nicolò Zaniolo\Nicolo-Zaniolo,ZANIOLO,it ITA,MFFW,Roma,2018-2019
498,Simone Zaza\Simone-Zaza,ZAZA,it ITA,FW,Torino,2018-2019
499,Marvin Zeegelaar\Marvin-Zeegelaar,ZEEGELAAR,nl NED,DF,Udinese,2018-2019
500,Piotr Zieliński\Piotr-Zielinski,ZIELINSKI,pl POL,MFFW,Napoli,2018-2019
501,Ervin Zukanović\Ervin-Zukanovic,ZUKANOVIC,ba BIH,DF,Genoa,2018-2019
502,Francesco Acerbi\Francesco-Acerbi,ACERBI,it ITA,DF,Lazio,2019-2020
503,Ola Aina\Ola-Aina,AINA,ng NGA,DF,Torino,2019-2020
504,Allan\Allan,ALLAN,br BRA,MF,Napoli,2019-2020
505,Sofyan Amrabat\Sofyan-Amrabat,AMRABAT,ma MAR,MF,Verona,2019-2020
506,Peter Ankersen\Peter-Ankersen,ANKERSEN,dk DEN,DF,Genoa,2019-2020
507,Cristian Ansaldi\Cristian-Ansaldi,ANSALDI,ar ARG,DFMF,Torino,2019-2020
508,Tommaso Augello\Tommaso-Augello,AUGELLO,it ITA,DF,Sampdoria,2019-2020
509,Florian Ayé\Florian-Aye,AYE,fr FRA,FWMF,Brescia,2019-2020
510,Khouma Babacar\Khouma-Babacar,BABACAR,sn SEN,FW,Lecce,2019-2020
511,Milan Badelj\Milan-Badelj,BADELJ,hr CRO,MF,Fiorentina,2019-2020
512,Mario Balotelli\Mario-Balotelli,BALOTELLI,it ITA,FW,Brescia,2019-2020
513,Mattia Bani\Mattia-Bani,BANI,it ITA,DF,Bologna,2019-2020
514,Antonín Barák\Antonin-Barak,BARAK,cz CZE,MF,Lecce,2019-2020
515,Nicolò Barella\Nicolo-Barella,BARELLA,it ITA,MF,Inter,2019-2020
516,Antonino Barillà\Antonino-Barilla,BARILLA,it ITA,MF,Parma,2019-2020
517,Antonio Barreca\Antonio-Barreca,BARRECA,it ITA,DFMF,Genoa,2019-2020
518,Musa Barrow\Musa-Barrow,BARROW,gm GAM,FW,Bologna,2019-2020
519,Daniele Baselli\Daniele-Baselli,BASELLI,it ITA,MF,Torino,2019-2020
520,Alessandro Bastoni\Alessandro-Bastoni,BASTONI,it ITA,DF,Inter,2019-2020
521,Valon Behrami\Valon-Behrami,BEHRAMI,ch SUI,MF,Genoa,2019-2020
522,Andrea Belotti\Andrea-Belotti,BELOTTI,it ITA,FW,Torino,2019-2020
523,Marco Benassi\Marco-Benassi,BENASSI,it ITA,MF,Fiorentina,2019-2020
524,Ismaël Bennacer\Ismael-Bennacer,BENNACER,dz ALG,MF,Milan,2019-2020
525,Rodrigo Bentancur\Rodrigo-Bentancur,BENTANCUR,uy URU,MF,Juventus,2019-2020
526,Domenico Berardi\Domenico-Berardi,BERARDI,it ITA,FW,Sassuolo,2019-2020
527,Álex Berenguer\Alex-Berenguer,BERENGUER,es ESP,MFFW,Torino,2019-2020
528,Bartosz Bereszyński\Bartosz-Bereszynski,BERESZYNSKI,pl POL,DF,Sampdoria,2019-2020
529,Federico Bernardeschi\Federico-Bernardeschi,BERNARDESCHI,it ITA,MFFW,Juventus,2019-2020
530,Cristiano Biraghi\Cristiano-Biraghi,BIRAGHI,it ITA,DFMF,Inter,2019-2020
531,Davide Biraschi\Davide-Biraschi,BIRASCHI,it ITA,DF,Genoa,2019-2020
532,Dimitri Bisoli\Dimitri-Bisoli,BISOLI,it ITA,MF,Brescia,2019-2020
533,Jeremie Boga\Jeremie-Boga,BOGA,ci CIV,FW,Sassuolo,2019-2020
534,Giacomo Bonaventura\Giacomo-Bonaventura,BONAVENTURA,it ITA,MFFW,Milan,2019-2020
535,Kevin Bonifazi\Kevin-Bonifazi,BONIFAZI,it ITA,DF,SPAL,2019-2020
536,Leonardo Bonucci\Leonardo-Bonucci,BONUCCI,it ITA,DF,Juventus,2019-2020
537,Mehdi Bourabia\Mehdi-Bourabia,BOURABIA,ma MAR,MF,Sassuolo,2019-2020
538,Gleison Bremer\Gleison-Bremer,BREMER,br BRA,DF,Torino,2019-2020
539,Marcelo Brozović\Marcelo-Brozovic,BROZOVIC,hr CRO,MF,Inter,2019-2020
540,Gastón Brugman\Gaston-Brugman,BRUGMAN,uy URU,MF,Parma,2019-2020
541,Fabrizio Cacciatore\Fabrizio-Cacciatore,CACCIATORE,it ITA,DF,Cagliari,2019-2020
542,Martín Cáceres\Martin-Caceres,CACERES,uy URU,DF,Fiorentina,2019-2020
543,Felipe Caicedo\Felipe-Caicedo,CAICEDO,ec ECU,FW,Lazio,2019-2020
544,Davide Calabria\Davide-Calabria,CALABRIA,it ITA,DF,Milan,2019-2020
545,Mattia Caldara\Mattia-Caldara,CALDARA,it ITA,DF,Atalanta,2019-2020
546,Marco Calderoni\Marco-Calderoni,CALDERONI,it ITA,DF,Lecce,2019-2020
547,Hakan Çalhanoğlu\Hakan-Calhanoglu,CALHANOGLU,tr TUR,MFFW,Milan,2019-2020
548,José Callejón\Jose-Callejon,CALLEJON,es ESP,FWMF,Napoli,2019-2020
549,Antonio Candreva\Antonio-Candreva,CANDREVA,it ITA,DF,Inter,2019-2020
550,Francesco Caputo\Francesco-Caputo,CAPUTO,it ITA,FW,Sassuolo,2019-2020
551,Francesco Cassata\Francesco-Cassata,CASSATA,it ITA,MF,Genoa,2019-2020
552,Timothy Castagne\Timothy-Castagne,CASTAGNE,be BEL,DF,Atalanta,2019-2020
553,Samu Castillejo\Samu-Castillejo,CASTILLEJO,es ESP,FWMF,Milan,2019-2020
554,Gaetano Castrovilli\Gaetano-Castrovilli,CASTROVILLI,it ITA,MF,Fiorentina,2019-2020
555,Luca Ceppitelli\Luca-Ceppitelli,CEPPITELLI,it ITA,DF,Cagliari,2019-2020
556,Jhon Chancellor\Jhon-Chancellor,CHANCELLOR,ve VEN,DF,Brescia,2019-2020
557,Federico Chiesa\Federico-Chiesa,CHIESA,it ITA,FWDF,Fiorentina,2019-2020
558,Luca Cigarini\Luca-Cigarini,CIGARINI,it ITA,MF,Cagliari,2019-2020
559,Thiago Cionek\Thiago-Cionek,CIONEK,pl POL,DF,SPAL,2019-2020
560,Andrea Cistana\Andrea-Cistana,CISTANA,it ITA,DF,Brescia,2019-2020
561,Omar Colley\Omar-Colley,COLLEY,gm GAM,DF,Sampdoria,2019-2020
562,Andrea Conti\Andrea-Conti,CONTI,it ITA,DF,Milan,2019-2020
563,Andreas Cornelius\Andreas-Cornelius,CORNELIUS,dk DEN,FW,Parma,2019-2020
564,Joaquín Correa\Joaquin-Correa,CORREA,ar ARG,FWMF,Lazio,2019-2020
565,Domenico Criscito\Domenico-Criscito,CRISCITO,it ITA,DF,Genoa,2019-2020
566,Bryan Cristante\Bryan-Cristante,CRISTANTE,it ITA,MF,Roma,2019-2020
567,Juan Cuadrado\Juan-Cuadrado,CUADRADO,co COL,DF,Juventus,2019-2020
568,Bryan Dabo\Bryan-Dabo,DABO,bf BFA,MF,SPAL,2019-2020
569,Danilo\Danilo,DANILO,br BRA,DF,Juventus,2019-2020
570,Matteo Darmian\Matteo-Darmian,DARMIAN,it ITA,DF,Parma,2019-2020
571,Grégoire Defrel\Gregoire-Defrel,DEFREL,mq MTQ,FWMF,Sassuolo,2019-2020
572,Stefano Denswil\Stefano-Denswil,DENSWIL,nl NED,DF,Bologna,2019-2020
573,Fabio Depaoli\Fabio-Depaoli,DEPAOLI,it ITA,MFDF,Sampdoria,2019-2020
574,Kastriot Dermaku\Kastriot-Dermaku,DERMAKU,al ALB,DF,Parma,2019-2020
575,Daniele Dessena\Daniele-Dessena,DESSENA,it ITA,MF,Brescia,2019-2020
576,Amadou Diawara\Amadou-Diawara,DIAWARA,gn GUI,MF,Roma,2019-2020
577,Mitchell Dijks\Mitchell-Dijks,DIJKS,nl NED,DF,Bologna,2019-2020
578,Berat Djimsiti\Berat-Djimsiti,DJIMSITI,al ALB,DF,Atalanta,2019-2020
579,Giulio Donati\Giulio-Donati,DONATI,it ITA,DF,Lecce,2019-2020
580,Paulo Dybala\Paulo-Dybala,DYBALA,ar ARG,FWMF,Juventus,2019-2020
581,Edin Džeko\Edin-Dzeko,DZEKO,ba BIH,FW,Roma,2019-2020
582,Albin Ekdal\Albin-Ekdal,EKDAL,se SWE,MF,Sampdoria,2019-2020
583,Elif Elmas\Elif-Elmas,ELMAS,mk MKD,MF,Napoli,2019-2020
584,Filippo Falco\Filippo-Falco,FALCO,it ITA,FWMF,Lecce,2019-2020
585,Paolo Faragò\Paolo-Farago,FARAGO,it ITA,DF,Cagliari,2019-2020
586,Davide Faraoni\Davide-Faraoni,FARAONI,it ITA,DF,Verona,2019-2020
587,Federico Fazio\Federico-Fazio,FAZIO,ar ARG,DF,Roma,2019-2020
588,Sergio Floccari\Sergio-Floccari,FLOCCARI,it ITA,FW,SPAL,2019-2020
589,Alessandro Florenzi\Alessandro-Florenzi,FLORENZI,it ITA,DFFW,Roma,2019-2020
590,Seko Fofana\Seko-Fofana,FOFANA,ci CIV,MF,Udinese,2019-2020
591,Remo Freuler\Remo-Freuler,FREULER,ch SUI,MF,Atalanta,2019-2020
592,Manolo Gabbiadini\Manolo-Gabbiadini,GABBIADINI,it ITA,FW,Sampdoria,2019-2020
593,Roberto Gagliardini\Roberto-Gagliardini,GAGLIARDINI,it ITA,MF,Inter,2019-2020
594,Riccardo Gagliolo\Riccardo-Gagliolo,GAGLIOLO,se SWE,DF,Parma,2019-2020
595,Gervinho\Gervinho,GERVINHO,ci CIV,FW,Parma,2019-2020
596,Paolo Ghiglione\Paolo-Ghiglione,GHIGLIONE,it ITA,DF,Genoa,2019-2020
597,Diego Godín\Diego-Godin,GODIN,uy URU,DF,Inter,2019-2020
598,Papu Gómez\Papu-Gomez,GOMEZ,ar ARG,MFFW,Atalanta,2019-2020
599,Robin Gosens\Robin-Gosens,GOSENS,de GER,DF,Atalanta,2019-2020
600,Koray Günter\Koray-Gunter,GUNTER,de GER,DF,Verona,2019-2020
601,Hans Hateboer\Hans-Hateboer,HATEBOER,nl NED,DF,Atalanta,2019-2020
602,Hernani\Hernani,HERNANI,br BRA,MF,Parma,2019-2020
603,Gonzalo Higuaín\Gonzalo-Higuain,HIGUAIN,ar ARG,FW,Juventus,2019-2020
604,Elseid Hysaj\Elseid-Hysaj,HYSAJ,al ALB,DF,Napoli,2019-2020
605,Simone Iacoponi\Simone-Iacoponi,IACOPONI,it ITA,DF,Parma,2019-2020
606,Zlatan Ibrahimović\Zlatan-Ibrahimovic,IBRAHIMOVIC,se SWE,FW,Milan,2019-2020
607,Josip Iličić\Josip-Ilicic,ILICIC,si SVN,FW,Atalanta,2019-2020
608,Ciro Immobile\Ciro-Immobile,IMMOBILE,it ITA,FW,Lazio,2019-2020
609,Lorenzo Insigne\Lorenzo-Insigne,INSIGNE,it ITA,FWMF,Napoli,2019-2020
610,Artur Ioniță\Artur-Ionita,IONITA,md MDA,MF,Cagliari,2019-2020
611,Armando Izzo\Armando-Izzo,IZZO,it ITA,DF,Torino,2019-2020
612,Mato Jajalo\Mato-Jajalo,JAJALO,ba BIH,MF,Udinese,2019-2020
613,Jakub Jankto\Jakub-Jankto,JANKTO,cz CZE,MF,Sampdoria,2019-2020
614,Jony\Jony,JONY,es ESP,DF,Lazio,2019-2020
615,Franck Kessié\Franck-Kessie,KESSIE,ci CIV,MF,Milan,2019-2020
616,Ragnar Klavan\Ragnar-Klavan,KLAVAN,ee EST,DF,Cagliari,2019-2020
617,Justin Kluivert\Justin-Kluivert,KLUIVERT,nl NED,FWMF,Roma,2019-2020
618,Aleksandar Kolarov\Aleksandar-Kolarov,KOLAROV,rs SRB,DF,Roma,2019-2020
619,Kalidou Koulibaly\Kalidou-Koulibaly,KOULIBALY,sn SEN,DF,Napoli,2019-2020
620,Ladislav Krejčí\Ladislav-Krejci,KREJCI,cz CZE,DF,Bologna,2019-2020
621,Juraj Kucka\Juraj-Kucka,KUCKA,sk SVK,MFFW,Parma,2019-2020
622,Dejan Kulusevski\Dejan-Kulusevski,KULUSEVSKI,se SWE,FWMF,Parma,2019-2020
623,Marash Kumbulla\Marash-Kumbulla,KUMBULLA,al ALB,DF,Verona,2019-2020
624,Jasmin Kurtić\Jasmin-Kurtic,KURTIC,si SVN,MFFW,Parma,2019-2020
625,Gianluca Lapadula\Gianluca-Lapadula,LAPADULA,pe PER,FW,Lecce,2019-2020
626,Kevin Lasagna\Kevin-Lasagna,LASAGNA,it ITA,FW,Udinese,2019-2020
627,Darko Lazović\Darko-Lazovic,LAZOVIC,rs SRB,DF,Verona,2019-2020
628,Manuel Lazzari\Manuel-Lazzari,LAZZARI,it ITA,DF,Lazio,2019-2020
629,Lukas Lerager\Lukas-Lerager,LERAGER,dk DEN,MF,Genoa,2019-2020
630,Karol Linetty\Karol-Linetty,LINETTY,pl POL,MF,Sampdoria,2019-2020
631,Pol Lirola\Pol-Lirola,LIROLA,es ESP,DF,Fiorentina,2019-2020
632,Manuel Locatelli\Manuel-Locatelli,LOCATELLI,it ITA,MF,Sassuolo,2019-2020
633,Hirving Lozano\Hirving-Lozano,LOZANO,mx MEX,FWMF,Napoli,2019-2020
634,Fabio Lucioni\Fabio-Lucioni,LUCIONI,it ITA,DF,Lecce,2019-2020
635,José Luis Palomino\Jose-Luis-Palomino,PALOMINO,ar ARG,DF,Atalanta,2019-2020
636,Romelu Lukaku\Romelu-Lukaku,LUKAKU,be BEL,FW,Inter,2019-2020
637,Saša Lukić\Sasa-Lukic,LUKIC,rs SRB,MF,Torino,2019-2020
638,Senad Lulić\Senad-Lulic,LULIC,ba BIH,DF,Lazio,2019-2020
639,Lyanco\Lyanco,LYANCO,br BRA,DF,Torino,2019-2020
640,Charalambos Lykogiannis\Charalambos-Lykogiannis,LYKOGIANNIS,gr GRE,DF,Cagliari,2019-2020
641,Francesco Magnanelli\Francesco-Magnanelli,MAGNANELLI,it ITA,MF,Sassuolo,2019-2020
642,Žan Majer\Zan-Majer,MAJER,si SVN,MF,Lecce,2019-2020
643,Nikola Maksimović\Nikola-Maksimovic,MAKSIMOVIC,rs SRB,DF,Napoli,2019-2020
644,Ruslan Malinovskyi\Ruslan-Malinovskyi,MALINOVSKYI,ua UKR,MFFW,Atalanta,2019-2020
645,Gianluca Mancini\Gianluca-Mancini,MANCINI,it ITA,DFMF,Roma,2019-2020
646,Marco Mancosu\Marco-Mancosu,MANCOSU,it ITA,MFFW,Lecce,2019-2020
647,Rolando Mandragora\Rolando-Mandragora,MANDRAGORA,it ITA,MF,Udinese,2019-2020
648,Massimiliano Mangraviti\Massimiliano-Mangraviti,MANGRAVITI,it ITA,DF,Brescia,2019-2020
649,Kostas Manolas\Kostas-Manolas,MANOLAS,gr GRE,DF,Napoli,2019-2020
650,Marlon\Marlon,MARLON,br BRA,DF,Sassuolo,2019-2020
651,Bruno Martella\Bruno-Martella,MARTELLA,it ITA,DFMF,Brescia,2019-2020
652,Adam Marušić\Adam-Marusic,MARUSIC,me MNE,DF,Lazio,2019-2020
653,Andrea Masiello\Andrea-Masiello,MASIELLO,it ITA,DF,Genoa,2019-2020
654,Aleš Matějů\Ales-Mateju,MATEJU,cz CZE,DF,Brescia,2019-2020
655,Federico Mattiello\Federico-Mattiello,MATTIELLO,it ITA,DF,Cagliari,2019-2020
656,Blaise Matuidi\Blaise-Matuidi,MATUIDI,fr FRA,MF,Juventus,2019-2020
657,Ibrahima Mbaye\Ibrahima-Mbaye,MBAYE,sn SEN,DF,Bologna,2019-2020
658,Gary Medel\Gary-Medel,MEDEL,cl CHI,MF,Bologna,2019-2020
659,Soualiho Meïté\Soualiho-Meite,MEITE,fr FRA,MF,Torino,2019-2020
660,Dries Mertens\Dries-Mertens,MERTENS,be BEL,FW,Napoli,2019-2020
661,Nikola Milenković\Nikola-Milenkovic,MILENKOVIC,rs SRB,DF,Fiorentina,2019-2020
662,Arkadiusz Milik\Arkadiusz-Milik,MILIK,pl POL,FW,Napoli,2019-2020
663,Sergej Milinković-Savić\Sergej-Milinkovic-Savic,MILINKOVIC-SAVIC,rs SRB,MF,Lazio,2019-2020
664,Simone Missiroli\Simone-Missiroli,MISSIROLI,it ITA,MF,SPAL,2019-2020
665,Henrikh Mkhitaryan\Henrikh-Mkhitaryan,MKHITARYAN,am ARM,FWMF,Roma,2019-2020
666,Mert Müldür\Mert-Muldur,MULDUR,tr TUR,DF,Sassuolo,2019-2020
667,Alessandro Murgia\Alessandro-Murgia,MURGIA,it ITA,MF,SPAL,2019-2020
668,Luis Muriel\Luis-Muriel,MURIEL,co COL,FW,Atalanta,2019-2020
669,Nicola Murru\Nicola-Murru,MURRU,it ITA,DF,Sampdoria,2019-2020
670,Mateo Musacchio\Mateo-Musacchio,MUSACCHIO,ar ARG,DF,Milan,2019-2020
671,Radja Nainggolan\Radja-Nainggolan,NAINGGOLAN,be BEL,MFFW,Cagliari,2019-2020
672,Nahitan Nández\Nahitan-Nandez,NANDEZ,uy URU,MFDF,Cagliari,2019-2020
673,Ilija Nestorovski\Ilija-Nestorovski,NESTOROVSKI,mk MKD,FW,Udinese,2019-2020
674,Nicolas Nkoulou\Nicolas-Nkoulou,NKOULOU,cm CMR,DF,Torino,2019-2020
675,Bram Nuytinck\Bram-Nuytinck,NUYTINCK,nl NED,DF,Udinese,2019-2020
676,Pedro Obiang\Pedro-Obiang,OBIANG,gq EQG,MF,Sassuolo,2019-2020
677,Stefano Okaka\Stefano-Okaka,OKAKA,it ITA,FW,Udinese,2019-2020
678,Riccardo Orsolini\Riccardo-Orsolini,ORSOLINI,it ITA,FWMF,Bologna,2019-2020
679,Rodrigo Palacio\Rodrigo-Palacio,PALACIO,ar ARG,FW,Bologna,2019-2020
680,Goran Pandev\Goran-Pandev,PANDEV,mk MKD,FWMF,Genoa,2019-2020
681,Andrea Papetti\Andrea-Papetti,PAPETTI,it ITA,DF,Brescia,2019-2020
682,Lucas Paquetá\Lucas-Paqueta,PAQUETA,br BRA,MFFW,Milan,2019-2020
683,Marco Parolo\Marco-Parolo,PAROLO,it ITA,MF,Lazio,2019-2020
684,Mario Pašalić\Mario-Pasalic,PASALIC,hr CRO,MFFW,Atalanta,2019-2020
685,Patric\Patric,PATRIC,es ESP,DF,Lazio,2019-2020
686,Federico Peluso\Federico-Peluso,PELUSO,it ITA,DF,Sassuolo,2019-2020
687,Matteo Pessina\Matteo-Pessina,PESSINA,it ITA,MFFW,Verona,2019-2020
688,Andrea Petagna\Andrea-Petagna,PETAGNA,it ITA,FW,SPAL,2019-2020
689,Jacopo Petriccione\Jacopo-Petriccione,PETRICCIONE,it ITA,MF,Lecce,2019-2020
690,Krzysztof Piątek\Krzysztof-Piatek,PIATEK,pl POL,FW,Milan,2019-2020
691,Andrea Pinamonti\Andrea-Pinamonti,PINAMONTI,it ITA,FW,Genoa,2019-2020
692,Fabio Pisacane\Fabio-Pisacane,PISACANE,it ITA,DF,Cagliari,2019-2020
693,Miralem Pjanić\Miralem-Pjanic,PJANIC,ba BIH,MF,Juventus,2019-2020
694,Andrea Poli\Andrea-Poli,POLI,it ITA,MF,Bologna,2019-2020
695,Erick Pulgar\Erick-Pulgar,PULGAR,cl CHI,MF,Fiorentina,2019-2020
696,Fabio Quagliarella\Fabio-Quagliarella,QUAGLIARELLA,it ITA,FW,Sampdoria,2019-2020
697,Adrien Rabiot\Adrien-Rabiot,RABIOT,fr FRA,MF,Juventus,2019-2020
698,Ivan Radovanović\Ivan-Radovanovic,RADOVANOVIC,rs SRB,MF,Genoa,2019-2020
699,Ștefan Radu\Stefan-Radu,RADU,ro ROU,DF,Lazio,2019-2020
700,Gastón Ramírez\Gaston-Ramirez,RAMIREZ,uy URU,MFFW,Sampdoria,2019-2020
701,Aaron Ramsey\Aaron-Ramsey,RAMSEY,wls WAL,MF,Juventus,2019-2020
702,Ante Rebić\Ante-Rebic,REBIC,hr CRO,FW,Milan,2019-2020
703,Arkadiusz Reca\Arkadiusz-Reca,RECA,pl POL,DF,SPAL,2019-2020
704,Franck Ribéry\Franck-Ribery,RIBERY,fr FRA,FW,Fiorentina,2019-2020
705,Tomás Rincón\Tomas-Rincon,RINCON,ve VEN,MF,Torino,2019-2020
706,Andrea Rispoli\Andrea-Rispoli,RISPOLI,it ITA,DF,Lecce,2019-2020
707,Marko Rog\Marko-Rog,ROG,hr CRO,MF,Cagliari,2019-2020
708,Rogério\Rogerio,ROGERIO,br BRA,DF,Sassuolo,2019-2020
709,Filippo Romagna\Filippo-Romagna,ROMAGNA,it ITA,DF,Sassuolo,2019-2020
710,Alessio Romagnoli\Alessio-Romagnoli,ROMAGNOLI,it ITA,DF,Milan,2019-2020
711,Cristian Romero\Cristian-Romero,ROMERO,ar ARG,DF,Genoa,2019-2020
712,Rômulo\Romulo,ROMULO,it ITA,MF,Brescia,2019-2020
713,Cristiano Ronaldo\Cristiano-Ronaldo,RONALDO,pt POR,FW,Juventus,2019-2020
714,Luca Rossettini\Luca-Rossettini,ROSSETTINI,it ITA,DF,Lecce,2019-2020
715,Amir Rrahmani\Amir-Rrahmani,RRAHMANI,xk KVX,DF,Verona,2019-2020
716,Stefano Sabelli\Stefano-Sabelli,SABELLI,it ITA,DF,Brescia,2019-2020
717,Antonio Sanabria\Antonio-Sanabria,SANABRIA,py PAR,FW,Genoa,2019-2020
718,Alexis Sánchez\Alexis-Sanchez,SANCHEZ,cl CHI,FW,Inter,2019-2020
719,Nicola Sansone\Nicola-Sansone,SANSONE,it ITA,FWMF,Bologna,2019-2020
720,Riccardo Saponara\Riccardo-Saponara,SAPONARA,it ITA,MFFW,Lecce,2019-2020
721,Lasse Schöne\Lasse-Schone,SCHONE,dk DEN,MF,Genoa,2019-2020
722,Jerdy Schouten\Jerdy-Schouten,SCHOUTEN,nl NED,MF,Bologna,2019-2020
723,Matteo Scozzarella\Matteo-Scozzarella,SCOZZARELLA,it ITA,MF,Parma,2019-2020
724,Ken Sema\Ken-Sema,SEMA,se SWE,DFMF,Udinese,2019-2020
725,Yevhen Shakhov\Yevhen-Shakhov,SHAKHOV,ua UKR,MFFW,Lecce,2019-2020
726,Giovanni Simeone\Giovanni-Simeone,SIMEONE,ar ARG,FW,Cagliari,2019-2020
727,Milan Škriniar\Milan-Skriniar,SKRINIAR,sk SVK,DF,Inter,2019-2020
728,Chris Smalling\Chris-Smalling,SMALLING,eng ENG,DF,Roma,2019-2020
729,Roberto Soriano\Roberto-Soriano,SORIANO,it ITA,MF,Bologna,2019-2020
730,Nikolas Špalek\Nikolas-Spalek,SPALEK,sk SVK,MFFW,Brescia,2019-2020
731,Leonardo Spinazzola\Leonardo-Spinazzola,SPINAZZOLA,it ITA,DF,Roma,2019-2020
732,Stefano Sturaro\Stefano-Sturaro,STURARO,it ITA,MF,Genoa,2019-2020
733,Suso\Suso,SUSO,es ESP,FWMF,Milan,2019-2020
734,Mattias Svanberg\Mattias-Svanberg,SVANBERG,se SWE,MF,Bologna,2019-2020
735,Andrea Tabanelli\Andrea-Tabanelli,TABANELLI,it ITA,MF,Lecce,2019-2020
736,Panagiotis Tachtsidis\Panagiotis-Tachtsidis,TACHTSIDIS,gr GRE,MF,Lecce,2019-2020
737,Morten Thorsby\Morten-Thorsby,THORSBY,no NOR,MFDF,Sampdoria,2019-2020
738,Jeremy Toljan\Jeremy-Toljan,TOLJAN,de GER,DF,Sassuolo,2019-2020
739,Rafael Tolói\Rafael-Toloi,TOLOI,it ITA,DF,Atalanta,2019-2020
740,Takehiro Tomiyasu\Takehiro-Tomiyasu,TOMIYASU,jp JPN,DF,Bologna,2019-2020
741,Nenad Tomović\Nenad-Tomovic,TOMOVIC,rs SRB,DF,SPAL,2019-2020
742,Sandro Tonali\Sandro-Tonali,TONALI,it ITA,MF,Brescia,2019-2020
743,Ernesto Torregrossa\Ernesto-Torregrossa,TORREGROSSA,it ITA,FW,Brescia,2019-2020
744,William Troost-Ekong\William-Troost-Ekong,TROOST-EKONG,ng NGA,DF,Udinese,2019-2020
745,Mirko Valdifiori\Mirko-Valdifiori,VALDIFIORI,it ITA,MF,SPAL,2019-2020
746,Mattia Valoti\Mattia-Valoti,VALOTI,it ITA,MFFW,SPAL,2019-2020
747,Matías Vecino\Matias-Vecino,VECINO,uy URU,MF,Inter,2019-2020
748,Simone Verdi\Simone-Verdi,VERDI,it ITA,MFFW,Torino,2019-2020
749,Jordan Veretout\Jordan-Veretout,VERETOUT,fr FRA,MF,Roma,2019-2020
750,Valerio Verre\Valerio-Verre,VERRE,it ITA,FWMF,Verona,2019-2020
751,Francesco Vicari\Francesco-Vicari,VICARI,it ITA,DF,SPAL,2019-2020
752,Ronaldo Vieira\Ronaldo-Vieira,VIEIRA,gw GNB,MF,Sampdoria,2019-2020
753,Dušan Vlahović\Dusan-Vlahovic,VLAHOVIC,rs SRB,FW,Fiorentina,2019-2020
754,Walace\Walace,WALACE,br BRA,MF,Udinese,2019-2020
755,Sebastian Walukiewicz\Sebastian-Walukiewicz,WALUKIEWICZ,pl POL,DF,Cagliari,2019-2020
756,Maya Yoshida\Maya-Yoshida,YOSHIDA,jp JPN,DF,Sampdoria,2019-2020
757,Ashley Young\Ashley-Young,YOUNG,eng ENG,DF,Inter,2019-2020
758,Mattia Zaccagni\Mattia-Zaccagni,ZACCAGNI,it ITA,FWMF,Verona,2019-2020
759,Nicolò Zaniolo\Nicolo-Zaniolo,ZANIOLO,it ITA,FWMF,Roma,2019-2020
760,Simone Zaza\Simone-Zaza,ZAZA,it ITA,FW,Torino,2019-2020
761,Piotr Zieliński\Piotr-Zielinski,ZIELINSKI,pl POL,MF,Napoli,2019-2020
762,Jaromír Zmrhal\Jaromir-Zmrhal,ZMRHAL,cz CZE,MF,Brescia,2019-2020
763,Francesco Acerbi\b96b595c,ACERBI,it ITA,DF,Lazio,2020-2021
764,Kevin Agudelo\46fa7204,AGUDELO,co COL,FW,Spezia,2020-2021
765,Sofyan Amrabat\5a2cb25d,AMRABAT,ma MAR,MF,Fiorentina,2020-2021
766,Cristian Ansaldi\bbafc0c4,ANSALDI,ar ARG,DF,Torino,2020-2021
767,Tolgay Arslan\963a328b,ARSLAN,de GER,MF,Udinese,2020-2021
768,Tommaso Augello\3cd3b384,AUGELLO,it ITA,DF,Sampdoria,2020-2021
769,Milan Badelj\e8c930bb,BADELJ,hr CRO,MF,Genoa,2020-2021
770,Tiemoué Bakayoko\59bf127b,BAKAYOKO,fr FRA,MF,Napoli,2020-2021
771,Mattia Bani\0821331c,BANI,it ITA,DF,Parma,2020-2021
772,Antonín Barák\01efac19,BARAK,cz CZE,MFFW,Verona,2020-2021
773,Federico Barba\c010b898,BARBA,it ITA,DF,Benevento,2020-2021
774,Nicolò Barella\6928979a,BARELLA,it ITA,MF,Inter,2020-2021
775,Musa Barrow\e5bf73f3,BARROW,gm GAM,FWMF,Bologna,2020-2021
776,Alessandro Bastoni\75b86fb3,BASTONI,it ITA,DF,Inter,2020-2021
777,Andrea Belotti\d705ba44,BELOTTI,it ITA,FW,Torino,2020-2021
778,Ahmad Benali\a128b07e,BENALI,ly LBY,MF,Crotone,2020-2021
779,Ismaël Bennacer\db092d3b,BENNACER,dz ALG,MF,Milan,2020-2021
780,Rodrigo Bentancur\3b8674e6,BENTANCUR,uy URU,MF,Juventus,2020-2021
781,Domenico Berardi\53a0e358,BERARDI,it ITA,FWMF,Sassuolo,2020-2021
782,Bartosz Bereszyński\61b3978f,BERESZYNSKI,pl POL,DF,Sampdoria,2020-2021
783,Federico Bernardeschi\ee93c1a9,BERNARDESCHI,it ITA,DFMF,Juventus,2020-2021
784,Cristiano Biraghi\9e1577aa,BIRAGHI,it ITA,DF,Fiorentina,2020-2021
785,Davide Biraschi\64cd167d,BIRASCHI,it ITA,DF,Genoa,2020-2021
786,Jeremie Boga\fe012aca,BOGA,ci CIV,FWMF,Sassuolo,2020-2021
787,Giacomo Bonaventura\d995ed27,BONAVENTURA,it ITA,MF,Fiorentina,2020-2021
788,Kevin Bonifazi\fb77bfef,BONIFAZI,it ITA,DF,Udinese,2020-2021
789,Leonardo Bonucci\52ec54d0,BONUCCI,it ITA,DF,Juventus,2020-2021
790,Gleison Bremer\5fd5ed86,BREMER,br BRA,DF,Torino,2020-2021
791,Marcelo Brozović\33b8d077,BROZOVIC,hr CRO,MF,Inter,2020-2021
792,Gastón Brugman\e947ee4a,BRUGMAN,uy URU,MF,Parma,2020-2021
793,Maxime Busi\7b082ec2,BUSI,be BEL,DF,Parma,2020-2021
794,Martín Cáceres\e94d79e3,CACERES,uy URU,DF,Fiorentina,2020-2021
795,Felipe Caicedo\93b891d1,CAICEDO,ec ECU,FW,Lazio,2020-2021
796,Davide Calabria\2146785a,CALABRIA,it ITA,DF,Milan,2020-2021
797,Luca Caldirola\226008f1,CALDIROLA,it ITA,DF,Benevento,2020-2021
798,Hakan Çalhanoğlu\cd0fa27b,CALHANOGLU,tr TUR,MFFW,Milan,2020-2021
799,Antonio Candreva\356c9002,CANDREVA,it ITA,MF,Sampdoria,2020-2021
800,Gianluca Caprari\54e53b7e,CAPRARI,it ITA,MFFW,Benevento,2020-2021
801,Francesco Caputo\5bd72174,CAPUTO,it ITA,FW,Sassuolo,2020-2021
802,Andrea Carboni\f7e2af2c,CARBONI,it ITA,DF,Cagliari,2020-2021
803,Samu Castillejo\130a7a3f,CASTILLEJO,es ESP,FW,Milan,2020-2021
804,Gaetano Castrovilli\0728bebe,CASTROVILLI,it ITA,MF,Fiorentina,2020-2021
805,Federico Ceccherini\d9624b51,CECCHERINI,it ITA,DF,Verona,2020-2021
806,Luca Ceppitelli\7d50454d,CEPPITELLI,it ITA,DF,Cagliari,2020-2021
807,Julian Chabot\ae7058f9,CHABOT,de GER,DF,Spezia,2020-2021
808,Giorgio Chiellini\e85fb9b8,CHIELLINI,it ITA,DF,Juventus,2020-2021
809,Federico Chiesa\b0f7e36c,CHIESA,it ITA,MFDF,Juventus,2020-2021
810,Vlad Chiricheș\c316607a,CHIRICHES,ro ROU,DF,Sassuolo,2020-2021
811,Luca Cigarini\ae64d449,CIGARINI,it ITA,MF,Crotone,2020-2021
812,Omar Colley\8b95acda,COLLEY,gm GAM,DF,Sampdoria,2020-2021
813,Andreas Cornelius\c693347d,CORNELIUS,dk DEN,FW,Parma,2020-2021
814,Joaquín Correa\45b9b619,CORREA,ar ARG,FW,Lazio,2020-2021
815,Domenico Criscito\35dd6d80,CRISCITO,it ITA,DF,Genoa,2020-2021
816,Bryan Cristante\16657b95,CRISTANTE,it ITA,DFMF,Roma,2020-2021
817,Juan Cuadrado\0ab1f153,CUADRADO,co COL,DFMF,Juventus,2020-2021
818,Lennart-Marten Czyborra\7ba1f1ef,CZYBORRA,de GER,DF,Genoa,2020-2021
819,Bryan Dabo\c53083ad,DABO,bf BFA,MF,Benevento,2020-2021
820,Diogo Dalot\d9565625,DALOT,pt POR,DF,Milan,2020-2021
821,Mikkel Damsgaard\215f3907,DAMSGAARD,dk DEN,MFFW,Sampdoria,2020-2021
822,Danilo\94b2001f,DANILO,br BRA,DF,Juventus,2020-2021
823,Matteo Darmian\96e0490d,DARMIAN,it ITA,DF,Inter,2020-2021
824,Paweł Dawidowicz\16bb656a,DAWIDOWICZ,pl POL,DF,Verona,2020-2021
825,Grégoire Defrel\854ee61a,DEFREL,mq MTQ,FWMF,Sassuolo,2020-2021
826,Merih Demiral\e3cceee6,DEMIRAL,tr TUR,DF,Juventus,2020-2021
827,Diego Demme\dc3fa3b5,DEMME,de GER,MF,Napoli,2020-2021
828,Fabio Depaoli\d97f2e8d,DEPAOLI,it ITA,DF,Benevento,2020-2021
829,Mattia Destro\d7d32194,DESTRO,it ITA,FW,Genoa,2020-2021
830,Mitchell Dijks\0a3065c8,DIJKS,nl NED,DF,Bologna,2020-2021
831,Federico Dimarco\970b8574,DIMARCO,it ITA,DF,Verona,2020-2021
832,Koffi Djidji\933d3b51,DJIDJI,ci CIV,DF,Crotone,2020-2021
833,Berat Djimsiti\6eee05f1,DJIMSITI,al ALB,DF,Atalanta,2020-2021
834,Nicolás Domínguez\20b3a502,DOMINGUEZ,ar ARG,MF,Bologna,2020-2021
835,Alfred Duncan\528492ea,DUNCAN,gh GHA,MF,Cagliari,2020-2021
836,Paulo Dybala\e0921a4f,DYBALA,ar ARG,FW,Juventus,2020-2021
837,Edin Džeko\3bb7f478,DZEKO,ba BIH,FW,Roma,2020-2021
838,Albin Ekdal\f503ea63,EKDAL,se SWE,MF,Sampdoria,2020-2021
839,Christian Eriksen\980522ec,ERIKSEN,dk DEN,MF,Inter,2020-2021
840,Martin Erlic\0fee6bda,ERLIC,hr CRO,DF,Spezia,2020-2021
841,Nahuel Estévez\cec60a2f,ESTEVEZ,ar ARG,MF,Spezia,2020-2021
842,Davide Faraoni\aae9d04a,FARAONI,it ITA,DF,Verona,2020-2021
843,Mohamed Fares\b7a5bc86,FARES,dz ALG,DF,Lazio,2020-2021
844,Diego Farias\157d29b6,FARIAS,br BRA,FW,Spezia,2020-2021
845,Salvador Ferrer\eb76987d,FERRER,es ESP,DF,Spezia,2020-2021
846,Daam Foulon\658d44be,FOULON,be BEL,DF,Benevento,2020-2021
847,Remo Freuler\98d2c2c4,FREULER,ch SUI,MF,Atalanta,2020-2021
848,Roberto Gagliardini\ce30bfc8,GAGLIARDINI,it ITA,MF,Inter,2020-2021
849,Riccardo Gagliolo\173061c0,GAGLIOLO,se SWE,DF,Parma,2020-2021
850,Gervinho\e468c053,GERVINHO,ci CIV,FW,Parma,2020-2021
851,Paolo Ghiglione\71dc23da,GHIGLIONE,it ITA,DFMF,Genoa,2020-2021
852,Kamil Glik\c6056d58,GLIK,pl POL,DF,Benevento,2020-2021
853,Diego Godín\fc4f85b1,GODIN,uy URU,DF,Cagliari,2020-2021
854,Edoardo Goldaniga\4b029b31,GOLDANIGA,it ITA,DF,Genoa,2020-2021
855,Vladimir Golemić\1db295e5,GOLEMIC,si SVN,DF,Crotone,2020-2021
856,Robin Gosens\2d970560,GOSENS,de GER,DF,Atalanta,2020-2021
857,Alberto Grassi\6cc97b6a,GRASSI,it ITA,MFDF,Parma,2020-2021
858,Koray Günter\f1f1f238,GUNTER,de GER,DF,Verona,2020-2021
859,Emmanuel Gyasi\f9758dae,GYASI,gh GHA,FW,Spezia,2020-2021
860,Achraf Hakimi\e42d61c7,HAKIMI,ma MAR,DF,Inter,2020-2021
861,Hans Hateboer\3b333ac3,HATEBOER,nl NED,DF,Atalanta,2020-2021
862,Hernani\6f5ead86,HERNANI,br BRA,MF,Parma,2020-2021
863,Përparim Hetemaj\90b70194,HETEMAJ,fi FIN,MF,Benevento,2020-2021
864,Wesley Hoedt\875898c7,HOEDT,nl NED,DF,Lazio,2020-2021
865,Elseid Hysaj\2f3452eb,HYSAJ,al ALB,DF,Napoli,2020-2021
866,Simone Iacoponi\63071a3f,IACOPONI,it ITA,DF,Parma,2020-2021
867,Roger Ibanez\82efe6fa,IBANEZ,br BRA,DF,Roma,2020-2021
868,Zlatan Ibrahimović\4cde5509,IBRAHIMOVIC,se SWE,FW,Milan,2020-2021
869,Igor\a4e85758,IGOR,br BRA,DF,Fiorentina,2020-2021
870,Ivan Ilić\bb376bed,ILIC,rs SRB,MF,Verona,2020-2021
871,Josip Iličić\68252d6d,ILICIC,si SVN,FWMF,Atalanta,2020-2021
872,Ciro Immobile\4431aed2,IMMOBILE,it ITA,FW,Lazio,2020-2021
873,Riccardo Improta\f6dfa5b8,IMPROTA,it ITA,MFDF,Benevento,2020-2021
874,Lorenzo Insigne\2f557579,INSIGNE,it ITA,FW,Napoli,2020-2021
875,Artur Ioniță\cedb3e36,IONITA,md MDA,MF,Benevento,2020-2021
876,Ardian Ismajli\6b635f5c,ISMAJLI,al ALB,DF,Spezia,2020-2021
877,Armando Izzo\89976232,IZZO,it ITA,DF,Torino,2020-2021
878,Jakub Jankto\1ea5f91c,JANKTO,cz CZE,MF,Sampdoria,2020-2021
879,Nikola Kalinić\d4931a5a,KALINIC,hr CRO,FW,Verona,2020-2021
880,Yann Karamoh\8b66d9cc,KARAMOH,fr FRA,FWMF,Parma,2020-2021
881,Rick Karsdorp\9f84febe,KARSDORP,nl NED,DF,Roma,2020-2021
882,Franck Kessié\05e19d6a,KESSIE,ci CIV,MF,Milan,2020-2021
883,Christian Kouamé\58e933d2,KOUAME,ci CIV,FW,Fiorentina,2020-2021
884,Kalidou Koulibaly\da974c7b,KOULIBALY,sn SEN,DF,Napoli,2020-2021
885,Juraj Kucka\5aaef9ef,KUCKA,sk SVK,MFFW,Parma,2020-2021
886,Dejan Kulusevski\df3cda47,KULUSEVSKI,se SWE,MFFW,Juventus,2020-2021
887,Marash Kumbulla\a40819d9,KUMBULLA,al ALB,DF,Roma,2020-2021
888,Jasmin Kurtić\144607cc,KURTIC,si SVN,MF,Parma,2020-2021
889,Giorgos Kyriakopoulos\0a483542,KYRIAKOPOULOS,gr GRE,DF,Sassuolo,2020-2021
890,Gianluca Lapadula\2ead2809,LAPADULA,pe PER,FW,Benevento,2020-2021
891,Kevin Lasagna\09538fdb,LASAGNA,it ITA,FW,Verona,2020-2021
892,Darko Lazović\5128bde4,LAZOVIC,rs SRB,DF,Verona,2020-2021
893,Manuel Lazzari\02caf6e0,LAZZARI,it ITA,DF,Lazio,2020-2021
894,Lukas Lerager\1b82f8df,LERAGER,dk DEN,MF,Genoa,2020-2021
895,Gaetano Letizia\3dd45b70,LETIZIA,it ITA,DF,Benevento,2020-2021
896,Karol Linetty\d023d70f,LINETTY,pl POL,MF,Torino,2020-2021
897,Manuel Locatelli\a8a874f1,LOCATELLI,it ITA,MF,Sassuolo,2020-2021
898,Matteo Lovato\5fa57166,LOVATO,it ITA,DF,Verona,2020-2021
899,Hirving Lozano\a69e4806,LOZANO,mx MEX,FW,Napoli,2020-2021
900,José Luis Palomino\921f6058,PALOMINO,ar ARG,DF,Atalanta,2020-2021
901,Romelu Lukaku\5eae500a,LUKAKU,be BEL,FW,Inter,2020-2021
902,Saša Lukić\c6e8cf1f,LUKIC,rs SRB,MF,Torino,2020-2021
903,Sebastiano Luperto\997fff07,LUPERTO,it ITA,DF,Crotone,2020-2021
904,Lyanco\b5bf1770,LYANCO,br BRA,DF,Torino,2020-2021
905,Charalambos Lykogiannis\5efc5389,LYKOGIANNIS,gr GRE,DF,Cagliari,2020-2021
906,Lisandro Magallán\01a49bd2,MAGALLAN,ar ARG,DF,Crotone,2020-2021
907,Giulio Maggiore\957e4c87,MAGGIORE,it ITA,MF,Spezia,2020-2021
908,Giangiacomo Magnani\cce9f582,MAGNANI,it ITA,DF,Verona,2020-2021
909,Nikola Maksimović\16b9d5cf,MAKSIMOVIC,rs SRB,DF,Napoli,2020-2021
910,Ruslan Malinovskyi\48d5bd33,MALINOVSKYI,ua UKR,FWMF,Atalanta,2020-2021
911,Gianluca Mancini\5aa53281,MANCINI,it ITA,DF,Roma,2020-2021
912,Rolando Mandragora\c7259b83,MANDRAGORA,it ITA,MF,Torino,2020-2021
913,Kostas Manolas\c707411f,MANOLAS,gr GRE,DF,Napoli,2020-2021
914,Riccardo Marchizza\91d0fabf,MARCHIZZA,it ITA,DF,Spezia,2020-2021
915,Răzvan Marin\7fac99d4,MARIN,ro ROU,MF,Cagliari,2020-2021
916,Marlon\cdf65d12,MARLON,br BRA,DF,Sassuolo,2020-2021
917,Luca Marrone\ea468ea8,MARRONE,it ITA,DF,Crotone,2020-2021
918,Adam Marušić\d4535821,MARUSIC,me MNE,DF,Lazio,2020-2021
919,Andrea Masiello\e0314d87,MASIELLO,it ITA,DF,Genoa,2020-2021
920,Borja Mayoral\64e8ed6d,MAYORAL,es ESP,FW,Roma,2020-2021
921,Weston McKennie\01c3aff5,MCKENNIE,us USA,MF,Juventus,2020-2021
922,Dries Mertens\89b2c8a9,MERTENS,be BEL,FWMF,Napoli,2020-2021
923,Junior Messias\f49c4ae9,MESSIAS,br BRA,MFFW,Crotone,2020-2021
924,Nikola Milenković\bee704fc,MILENKOVIC,rs SRB,DF,Fiorentina,2020-2021
925,Sergej Milinković-Savić\4e6dbac4,MILINKOVIC-SAVIC,rs SRB,MF,Lazio,2020-2021
926,Henrikh Mkhitaryan\dd0daf32,MKHITARYAN,am ARM,FWMF,Roma,2020-2021
927,Álvaro Morata\129af0db,MORATA,es ESP,FW,Juventus,2020-2021
928,Mert Müldür\1295552e,MULDUR,tr TUR,DF,Sassuolo,2020-2021
929,Luis Muriel\eb2fe5b6,MURIEL,co COL,FW,Atalanta,2020-2021
930,Radja Nainggolan\1f9328da,NAINGGOLAN,be BEL,MF,Cagliari,2020-2021
931,Nahitan Nández\95facda1,NANDEZ,uy URU,MFDF,Cagliari,2020-2021
932,Nicolas Nkoulou\93cf32a8,NKOULOU,cm CMR,DF,Torino,2020-2021
933,Bram Nuytinck\e33f36d5,NUYTINCK,nl NED,DF,Udinese,2020-2021
934,M'Bala Nzola\a4948e67,NZOLA,ao ANG,FW,Spezia,2020-2021
935,Pedro Obiang\ba1e04b3,OBIANG,gq EQG,MF,Sassuolo,2020-2021
936,Stefano Okaka\601ef102,OKAKA,it ITA,FW,Udinese,2020-2021
937,Riccardo Orsolini\e14ec482,ORSOLINI,it ITA,FWMF,Bologna,2020-2021
938,Victor Osimhen\8c90fd7a,OSIMHEN,ng NGA,FW,Napoli,2020-2021
939,Yordan Osorio\4d17df3e,OSORIO,ve VEN,DF,Parma,2020-2021
940,Adam Ounas\ed90babd,OUNAS,dz ALG,FWMF,Crotone,2020-2021
941,Rodrigo Palacio\8d8178ac,PALACIO,ar ARG,FW,Bologna,2020-2021
942,Goran Pandev\d711d04f,PANDEV,mk MKD,FWMF,Genoa,2020-2021
943,Mario Pašalić\e599253a,PASALIC,hr CRO,MFFW,Atalanta,2020-2021
944,Patric\f7223718,PATRIC,es ESP,DF,Lazio,2020-2021
945,Leonardo Pavoletti\d37b0350,PAVOLETTI,it ITA,FW,Cagliari,2020-2021
946,Pedro\3ca7254a,PEDRO,es ESP,FWMF,Roma,2020-2021
947,Roberto Pereyra\75f2c59f,PEREYRA,ar ARG,MFFW,Udinese,2020-2021
948,Ivan Perišić\6fe90922,PERISIC,hr CRO,DFFW,Inter,2020-2021
949,Matteo Pessina\780e3631,PESSINA,it ITA,MF,Atalanta,2020-2021
950,Andrea Petagna\03f946ed,PETAGNA,it ITA,FW,Napoli,2020-2021
951,Jacopo Petriccione\909bce7f,PETRICCIONE,it ITA,MF,Crotone,2020-2021
952,Marko Pjaca\2c38b327,PJACA,hr CRO,FWMF,Genoa,2020-2021
953,Tommaso Pobega\55a1cac2,POBEGA,it ITA,MF,Spezia,2020-2021
954,Matteo Politano\5e861944,POLITANO,it ITA,FW,Napoli,2020-2021
955,Erick Pulgar\4611e028,PULGAR,cl CHI,MF,Fiorentina,2020-2021
956,Fabio Quagliarella\ee4f2f3b,QUAGLIARELLA,it ITA,FW,Sampdoria,2020-2021
957,Adrien Rabiot\8794e251,RABIOT,fr FRA,MF,Juventus,2020-2021
958,Ivan Radovanović\023937a9,RADOVANOVIC,rs SRB,DFMF,Genoa,2020-2021
959,Ștefan Radu\53de807a,RADU,ro ROU,DF,Lazio,2020-2021
960,Gastón Ramírez\2c851997,RAMIREZ,uy URU,MFFW,Sampdoria,2020-2021
961,Aaron Ramsey\ef619b0b,RAMSEY,wls WAL,MF,Juventus,2020-2021
962,Giacomo Raspadori\6e058f06,RASPADORI,it ITA,FWMF,Sassuolo,2020-2021
963,Ante Rebić\536cebe5,REBIC,hr CRO,FW,Milan,2020-2021
964,Arkadiusz Reca\6213fd82,RECA,pl POL,DF,Crotone,2020-2021
965,Franck Ribéry\f61c7c4e,RIBERY,fr FRA,FW,Fiorentina,2020-2021
966,Tomás Rincón\f1cfc209,RINCON,ve VEN,MF,Torino,2020-2021
967,Marko Rog\b6b2b820,ROG,hr CRO,MF,Cagliari,2020-2021
968,Rogério\10e7f486,ROGERIO,br BRA,DF,Sassuolo,2020-2021
969,Alessio Romagnoli\3ead85f9,ROMAGNOLI,it ITA,DF,Milan,2020-2021
970,Cristian Romero\a3d94a58,ROMERO,ar ARG,DF,Atalanta,2020-2021
971,Cristiano Ronaldo\dea698d9,RONALDO,pt POR,FW,Juventus,2020-2021
972,Nicolò Rovella\e58cbfd5,ROVELLA,it ITA,MF,Genoa,2020-2021
973,Amir Rrahmani\4b3e1a38,RRAHMANI,xk KVX,DF,Napoli,2020-2021
974,Daniele Rugani\14b8fcdf,RUGANI,it ITA,DF,Cagliari,2020-2021
975,Alexis Saelemaekers\ee251371,SAELEMAEKERS,be BEL,FW,Milan,2020-2021
976,Antonio Sanabria\0a447501,SANABRIA,py PAR,FW,Torino,2020-2021
977,Alexis Sánchez\2c0f8e9e,SANCHEZ,cl CHI,FW,Inter,2020-2021
978,Nicola Sansone\7eb97a8e,SANSONE,it ITA,FWMF,Bologna,2020-2021
979,Gianluca Scamacca\8790f988,SCAMACCA,it ITA,FW,Genoa,2020-2021
980,Pasquale Schiattarella\bd84fc61,SCHIATTARELLA,it ITA,MF,Benevento,2020-2021
981,Jerdy Schouten\2cfae697,SCHOUTEN,nl NED,MF,Bologna,2020-2021
982,Eldor Shomurodov\57469b2d,SHOMURODOV,uz UZB,FW,Genoa,2020-2021
983,Giovanni Simeone\343c0d52,SIMEONE,ar ARG,FW,Cagliari,2020-2021
984,Wilfried Singo\8b609c34,SINGO,ci CIV,DF,Torino,2020-2021
985,Milan Škriniar\30f5ffa9,SKRINIAR,sk SVK,DF,Inter,2020-2021
986,Chris Smalling\b6964eb6,SMALLING,eng ENG,DF,Roma,2020-2021
987,Roberto Soriano\9d4c45d6,SORIANO,it ITA,MF,Bologna,2020-2021
988,Riccardo Sottil\94816803,SOTTIL,it ITA,MFFW,Cagliari,2020-2021
989,Adama Soumaoro\7b075c75,SOUMAORO,fr FRA,DF,Bologna,2020-2021
990,Leonardo Spinazzola\3626daea,SPINAZZOLA,it ITA,DF,Roma,2020-2021
991,Kevin Strootman\ef2e5e1a,STROOTMAN,nl NED,MF,Genoa,2020-2021
992,Mattias Svanberg\92d83c27,SVANBERG,se SWE,MF,Bologna,2020-2021
993,Adrien Tameze\8da74c05,TAMEZE,cm CMR,MF,Verona,2020-2021
994,Claudio Terzi\5570e6fb,TERZI,it ITA,DF,Spezia,2020-2021
995,Morten Thorsby\d1b49282,THORSBY,no NOR,MF,Sampdoria,2020-2021
996,Jeremy Toljan\a96e5dc0,TOLJAN,de GER,DF,Sassuolo,2020-2021
997,Rafael Tolói\c56dc39e,TOLOI,it ITA,DF,Atalanta,2020-2021
998,Takehiro Tomiyasu\b3af9be1,TOMIYASU,jp JPN,DF,Bologna,2020-2021
999,Fikayo Tomori\7edfbb8a,TOMORI,eng ENG,DF,Milan,2020-2021
1000,Sandro Tonali\0db169ae,TONALI,it ITA,MF,Milan,2020-2021
1001,Lorenzo Tonelli\8cc29864,TONELLI,it ITA,DF,Sampdoria,2020-2021
1002,Alessandro Tuia\26c54058,TUIA,it ITA,DF,Benevento,2020-2021
1003,Lorenzo Venuti\983ff2c7,VENUTI,it ITA,DF,Fiorentina,2020-2021
1004,Daniele Verde\d3298c99,VERDE,it ITA,FW,Spezia,2020-2021
1005,Simone Verdi\0375723e,VERDI,it ITA,MFFW,Torino,2020-2021
1006,Jordan Veretout\4a56052c,VERETOUT,fr FRA,MF,Roma,2020-2021
1007,Valerio Verre\33ecf462,VERRE,it ITA,MF,Sampdoria,2020-2021
1008,Arturo Vidal\67cdbc0e,VIDAL,cl CHI,MF,Inter,2020-2021
1009,Luca Vignali\c1e8e74e,VIGNALI,it ITA,DF,Spezia,2020-2021
1010,Emanuel Vignato\ec5dae45,VIGNATO,it ITA,FWMF,Bologna,2020-2021
1011,Gonzalo Villar\bdc74a8f,VILLAR,es ESP,MF,Roma,2020-2021
1012,Nicolas Viola\45392b06,VIOLA,it ITA,MF,Benevento,2020-2021
1013,Dušan Vlahović\79443529,VLAHOVIC,rs SRB,FW,Fiorentina,2020-2021
1014,Mërgim Vojvoda\be2706c0,VOJVODA,xk KVX,DF,Torino,2020-2021
1015,Miloš Vulić\5944af8f,VULIC,rs SRB,MF,Crotone,2020-2021
1016,Walace\26db8853,WALACE,br BRA,MF,Udinese,2020-2021
1017,Sebastian Walukiewicz\217875a4,WALUKIEWICZ,pl POL,DF,Cagliari,2020-2021
1018,Maya Yoshida\caffaf5a,YOSHIDA,jp JPN,DF,Sampdoria,2020-2021
1019,Ashley Young\be927d03,YOUNG,eng ENG,DF,Inter,2020-2021
1020,Mattia Zaccagni\d85c238b,ZACCAGNI,it ITA,MFFW,Verona,2020-2021
1021,Miha Zajc\83e4643e,ZAJC,si SVN,MF,Genoa,2020-2021
1022,Niccolò Zanellato\741e058f,ZANELLATO,it ITA,MF,Crotone,2020-2021
1023,Gabriele Zappa\ca3db240,ZAPPA,it ITA,DF,Cagliari,2020-2021
1024,Davide Zappacosta\7fe90ccd,ZAPPACOSTA,it ITA,DF,Genoa,2020-2021
1025,Simone Zaza\9592289a,ZAZA,it ITA,FW,Torino,2020-2021
1026,Marvin Zeegelaar\8abd0c03,ZEEGELAAR,nl NED,DF,Udinese,2020-2021
1027,Piotr Zieliński\a5296e55,ZIELINSKI,pl POL,MF,Napoli,2020-2021
